timestamp,reason,lecture_id,group_id
1675460777269,face-lost,1,0
1675460777343,face-lost,1,0
1675460777534,face-lost,1,0
1675460785497,face-lost,1,0
1675460785767,face-lost,1,0
1675460786138,face-lost,1,0
1675460786373,face-lost,1,0
1675460786462,face-lost,1,0
1675460786546,face-lost,1,0
1675460786650,face-lost,1,0
1675460786746,face-lost,1,0
1675460786842,face-lost,1,0
1675460786898,face-lost,1,0
1675460786951,face-lost,1,0
1675460787032,face-lost,1,0
1675460787081,face-lost,1,0
1675460787138,face-lost,1,0
1675460787191,face-lost,1,0
1675460787233,face-lost,1,0
1675460787277,face-lost,1,0
1675460787318,face-lost,1,0
1675460787391,face-lost,1,0
1675460787432,face-lost,1,0
1675460787472,face-lost,1,0
1675460787514,face-lost,1,0
1675460787564,face-lost,1,0
1675460787609,face-lost,1,0
1675460787665,face-lost,1,0
1675460787708,face-lost,1,0
1675460787750,face-lost,1,0
1675460787805,face-lost,1,0
1675460787843,face-lost,1,0
1675460787887,face-lost,1,0
1675460787933,face-lost,1,0
1675460787984,face-lost,1,0
1675460788031,face-lost,1,0
1675460788067,face-lost,1,0
1675460788118,face-lost,1,0
1675460788155,face-lost,1,0
1675460788204,face-lost,1,0
1675460788242,face-lost,1,0
1675460788294,face-lost,1,0
1675460788335,face-lost,1,0
1675460788390,face-lost,1,0
1675460788431,face-lost,1,0
1675460788485,face-lost,1,0
1675460788540,face-lost,1,0
1675460788587,face-lost,1,0
1675460788663,face-lost,1,0
1675460788721,face-lost,1,0
1675460788810,face-lost,1,0
1675460788896,face-lost,1,0
1675460788964,face-lost,1,0
1675460789032,face-lost,1,0
1675460789097,face-lost,1,0
1675460789147,face-lost,1,0
1675460789203,face-lost,1,0
1675460789250,face-lost,1,0
1675460789322,face-lost,1,0
1675460789370,face-lost,1,0
1675460789432,face-lost,1,0
1675460789489,face-lost,1,0
1675460789535,face-lost,1,0
1675460789584,face-lost,1,0
1675460789646,face-lost,1,0
1675460789700,face-lost,1,0
1675460789749,face-lost,1,0
1675460789805,face-lost,1,0
1675460789866,face-lost,1,0
1675460789916,face-lost,1,0
1675460789970,face-lost,1,0
1675460790027,face-lost,1,0
1675460790085,face-lost,1,0
1675460790143,face-lost,1,0
1675460790189,face-lost,1,0
1675460790238,face-lost,1,0
1675460790275,face-lost,1,0
1675460790330,face-lost,1,0
1675460790383,face-lost,1,0
1675460790445,face-lost,1,0
1675460790487,face-lost,1,0
1675460790540,face-lost,1,0
1675460790608,face-lost,1,0
1675460790667,face-lost,1,0
1675460790722,face-lost,1,0
1675460790792,face-lost,1,0
1675460790862,face-lost,1,0
1675460790916,face-lost,1,0
1675460790989,face-lost,1,0
1675460791121,face-lost,1,0
1675460791169,face-lost,1,0
1675460791214,face-lost,1,0
1675460791270,face-lost,1,0
1675460791318,face-lost,1,0
1675460791365,face-lost,1,0
1675460791405,face-lost,1,0
1675460829893,video-playing,1,0
1675460832908,visibility-hidden,1,0
1675460836639,face-lost,1,0
1675460837872,face-lost,1,0
1675460837900,face-lost,1,0
1675460837932,face-lost,1,0
1675460868920,red-bounding-box,1,0
1675460869914,red-bounding-box,1,0
1675460874888,face-lost,1,0
1675460874920,face-lost,1,0
1675460874947,face-lost,1,0
1675460874987,face-lost,1,0
1675460876915,red-bounding-box,1,0
1675460879587,face-lost,1,0
1675460879687,face-lost,1,0
1675460879715,face-lost,1,0
1675460879744,face-lost,1,0
1675460881901,red-bounding-box,1,0
1675460883810,face-lost,1,0
1675460890306,face-lost,1,0
1675460890335,face-lost,1,0
1675460890912,red-bounding-box,1,0
1675460891134,face-lost,1,0
1675460946900,face-lost,1,0
1675460946930,face-lost,1,0
1675460946960,face-lost,1,0
1675460946993,face-lost,1,0
1675460960904,visibility-hidden,1,0
1675460961901,visibility-hidden,1,0
1675460962904,visibility-hidden,1,0
1675460963904,visibility-hidden,1,0
1675460964904,visibility-hidden,1,0
1675460965904,visibility-hidden,1,0
1675460969904,visibility-hidden,1,0
1675460970904,visibility-hidden,1,0
1675460971904,visibility-hidden,1,0
1675460972911,visibility-hidden,1,0
1675460973907,visibility-hidden,1,0
1675460976906,visibility-hidden,1,0
1675460977904,visibility-hidden,1,0
1675460978904,visibility-hidden,1,0
1675460979904,visibility-hidden,1,0
1675460980904,visibility-hidden,1,0
1675460981904,visibility-hidden,1,0
1675460982904,visibility-hidden,1,0
1675460994904,visibility-hidden,1,0
1675460995906,visibility-hidden,1,0
1675460996902,visibility-hidden,1,0
1675460997904,visibility-hidden,1,0
1675460998909,visibility-hidden,1,0
1675460999906,visibility-hidden,1,0
1675461000904,visibility-hidden,1,0
1675461001904,visibility-hidden,1,0
1675461002904,visibility-hidden,1,0
1675461003904,visibility-hidden,1,0
1675461004904,visibility-hidden,1,0
1675461005904,visibility-hidden,1,0
1675461006904,visibility-hidden,1,0
1675461007904,visibility-hidden,1,0
1675461008904,visibility-hidden,1,0
1675461011905,visibility-hidden,1,0
1675461012904,visibility-hidden,1,0
1675461013904,visibility-hidden,1,0
1675461014904,visibility-hidden,1,0
1675461015904,visibility-hidden,1,0
1675461016904,visibility-hidden,1,0
1675461017904,visibility-hidden,1,0
1675461018904,visibility-hidden,1,0
1675461019904,visibility-hidden,1,0
1675461020906,visibility-hidden,1,0
1675461021904,visibility-hidden,1,0
1675461022904,visibility-hidden,1,0
1675461023904,visibility-hidden,1,0
1675461024904,visibility-hidden,1,0
1675461025905,visibility-hidden,1,0
1675461026904,visibility-hidden,1,0
1675461027904,visibility-hidden,1,0
1675461028904,visibility-hidden,1,0
1675461029904,visibility-hidden,1,0
1675461030904,visibility-hidden,1,0
1675461031904,visibility-hidden,1,0
1675461032904,visibility-hidden,1,0
1675461033905,visibility-hidden,1,0
1675461034904,visibility-hidden,1,0
1675461035904,visibility-hidden,1,0
1675461036905,visibility-hidden,1,0
1675461040905,visibility-hidden,1,0
1675461041908,visibility-hidden,1,0
1675461042904,visibility-hidden,1,0
1675461043904,visibility-hidden,1,0
1675461044904,visibility-hidden,1,0
1675461045904,visibility-hidden,1,0
1675461046904,visibility-hidden,1,0
1675461047904,visibility-hidden,1,0
1675461048904,visibility-hidden,1,0
1675461049904,visibility-hidden,1,0
1675461050904,visibility-hidden,1,0
1675461051904,visibility-hidden,1,0
1675461052904,visibility-hidden,1,0
1675461053904,visibility-hidden,1,0
1675461054904,visibility-hidden,1,0
1675461055904,visibility-hidden,1,0
1675461056904,visibility-hidden,1,0
1675461057904,visibility-hidden,1,0
1675461058906,visibility-hidden,1,0
1675461059905,visibility-hidden,1,0
1675461060904,visibility-hidden,1,0
1675461061904,visibility-hidden,1,0
1675461062904,visibility-hidden,1,0
1675461063904,visibility-hidden,1,0
1675461064904,visibility-hidden,1,0
1675461065904,visibility-hidden,1,0
1675461066904,visibility-hidden,1,0
1675461067904,visibility-hidden,1,0
1675461068904,visibility-hidden,1,0
1675461069904,visibility-hidden,1,0
1675461070904,visibility-hidden,1,0
1675461071906,visibility-hidden,1,0
1675461072904,visibility-hidden,1,0
1675461073904,visibility-hidden,1,0
1675461074904,visibility-hidden,1,0
1675461075906,visibility-hidden,1,0
1675461076904,visibility-hidden,1,0
1675461077904,visibility-hidden,1,0
1675461078904,visibility-hidden,1,0
1675461079904,visibility-hidden,1,0
1675461080904,visibility-hidden,1,0
1675461081904,visibility-hidden,1,0
1675461082904,visibility-hidden,1,0
1675461084952,visibility-hidden,1,0
1675461085904,visibility-hidden,1,0
1675461086904,visibility-hidden,1,0
1675461087904,visibility-hidden,1,0
1675461088904,visibility-hidden,1,0
1675461089904,visibility-hidden,1,0
1675461090904,visibility-hidden,1,0
1675461091904,visibility-hidden,1,0
1675461092904,visibility-hidden,1,0
1675461093906,visibility-hidden,1,0
1675461094904,visibility-hidden,1,0
1675461095904,visibility-hidden,1,0
1675461096904,visibility-hidden,1,0
1675461097904,visibility-hidden,1,0
1675461098904,visibility-hidden,1,0
1675461099904,visibility-hidden,1,0
1675461100904,visibility-hidden,1,0
1675461101904,visibility-hidden,1,0
1675461102904,visibility-hidden,1,0
1675461103904,visibility-hidden,1,0
1675461104904,visibility-hidden,1,0
1675461105904,visibility-hidden,1,0
1675461106904,visibility-hidden,1,0
1675461107904,visibility-hidden,1,0
1675461108904,visibility-hidden,1,0
1675461109904,visibility-hidden,1,0
1675461110906,visibility-hidden,1,0
1675461111904,visibility-hidden,1,0
1675461112904,visibility-hidden,1,0
1675461113904,visibility-hidden,1,0
1675461114904,visibility-hidden,1,0
1675461115904,visibility-hidden,1,0
1675461116904,visibility-hidden,1,0
1675461117904,visibility-hidden,1,0
1675461118904,visibility-hidden,1,0
1675461119904,visibility-hidden,1,0
1675461120904,visibility-hidden,1,0
1675461121900,visibility-hidden,1,0
1675461122904,visibility-hidden,1,0
1675461123904,visibility-hidden,1,0
1675461124904,visibility-hidden,1,0
