timestamp,reason,lecture_id,group_id
1675384728505,face-lost,1,0
1675384728871,face-lost,1,0
1675384728965,face-lost,1,0
1675384729033,face-lost,1,0
1675384739724,face-lost,1,0
1675384740046,face-lost,1,0
1675384740469,face-lost,1,0
1675384740817,face-lost,1,0
1675384740982,face-lost,1,0
1675384741097,face-lost,1,0
1675384741199,face-lost,1,0
1675384741298,face-lost,1,0
1675384741387,face-lost,1,0
1675384741469,face-lost,1,0
1675384741559,face-lost,1,0
1675384741643,face-lost,1,0
1675384741737,face-lost,1,0
1675384741840,face-lost,1,0
1675384741914,face-lost,1,0
1675384741997,face-lost,1,0
1675384742070,face-lost,1,0
1675384742186,face-lost,1,0
1675384742261,face-lost,1,0
1675384742336,face-lost,1,0
1675384742408,face-lost,1,0
1675384742483,face-lost,1,0
1675384742570,face-lost,1,0
1675384742650,face-lost,1,0
1675384742725,face-lost,1,0
1675384742801,face-lost,1,0
1675384742868,face-lost,1,0
1675384742938,face-lost,1,0
1675384743006,face-lost,1,0
1675384743105,face-lost,1,0
1675384743189,face-lost,1,0
1675384743306,face-lost,1,0
1675384743389,face-lost,1,0
1675384743491,face-lost,1,0
1675384743583,face-lost,1,0
1675384743652,face-lost,1,0
1675384743725,face-lost,1,0
1675384743806,face-lost,1,0
1675384743922,face-lost,1,0
1675384744024,face-lost,1,0
1675384744105,face-lost,1,0
1675384744186,face-lost,1,0
1675384744267,face-lost,1,0
1675384744338,face-lost,1,0
1675384788005,video-playing,1,0
1675384909028,red-bounding-box,1,0
1675384910011,red-bounding-box,1,0
1675384945068,red-bounding-box,1,0
1675384946070,red-bounding-box,1,0
1675385029019,red-bounding-box,1,0
1675385030028,red-bounding-box,1,0
