timestamp,reason,lecture_id,group_id
1675383152288,face-lost,1,0
1675383153073,face-lost,1,0
1675383153727,face-lost,1,0
1675383155243,face-lost,1,0
1675383156130,face-lost,1,0
1675383156956,face-lost,1,0
1675383157835,face-lost,1,0
1675383159277,face-lost,1,0
1675383160088,face-lost,1,0
1675383160902,face-lost,1,0
1675383161712,face-lost,1,0
1675383162537,face-lost,1,0
1675383163351,face-lost,1,0
1675383164159,face-lost,1,0
1675383164971,face-lost,1,0
1675383165784,face-lost,1,0
1675383166619,face-lost,1,0
1675383167432,face-lost,1,0
1675383168231,face-lost,1,0
1675383169041,face-lost,1,0
1675383169851,face-lost,1,0
1675383170657,face-lost,1,0
1675383171458,face-lost,1,0
1675383172265,face-lost,1,0
1675383173075,face-lost,1,0
1675383173877,face-lost,1,0
1675383174684,face-lost,1,0
1675383175494,face-lost,1,0
1675383176295,face-lost,1,0
1675383177106,face-lost,1,0
1675383177988,face-lost,1,0
1675383178879,face-lost,1,0
1675383179676,face-lost,1,0
1675383220407,video-playing,1,0
1675383417936,red-bounding-box,1,0
1675383461550,red-bounding-box,1,0
1675383472720,red-bounding-box,1,0
