timestamp,reason,lecture_id,group_id
1675054689621,face-lost,1,0
1675054690217,face-lost,1,0
1675054690720,face-lost,1,0
1675054691941,face-lost,1,0
1675054692647,face-lost,1,0
1675054693389,face-lost,1,0
1675054694121,face-lost,1,0
1675054695266,face-lost,1,0
1675054695917,face-lost,1,0
1675054696574,face-lost,1,0
1675054697223,face-lost,1,0
1675054697870,face-lost,1,0
1675054698519,face-lost,1,0
1675054699166,face-lost,1,0
1675054699832,face-lost,1,0
1675054700488,face-lost,1,0
1675054701133,face-lost,1,0
1675054701773,face-lost,1,0
1675054702410,face-lost,1,0
1675054703063,face-lost,1,0
1675054703704,face-lost,1,0
1675054767842,video-playing,1,0
