timestamp,reason,lecture_id,group_id
1675384617703,face-lost,1,0
1675384617722,face-lost,1,0
1675384617739,face-lost,1,0
1675384617753,face-lost,1,0
1675384617768,face-lost,1,0
1675384617788,face-lost,1,0
1675384622039,face-lost,1,0
1675384622153,face-lost,1,0
1675384622302,face-lost,1,0
1675384622341,face-lost,1,0
1675384622362,face-lost,1,0
1675384622399,face-lost,1,0
1675384622421,face-lost,1,0
1675384622459,face-lost,1,0
1675384738703,video-playing,1,0
1675384819706,red-bounding-box,1,0
1675384861716,red-bounding-box,1,0
1675385046708,red-bounding-box,1,0
1675385049713,red-bounding-box,1,0
