timestamp,reason,lecture_id,group_id
1675459105949,face-lost,1,0
1675459106814,face-lost,1,0
1675459107493,face-lost,1,0
1675459109104,face-lost,1,0
1675459110134,face-lost,1,0
1675459112205,face-lost,1,0
1675459113464,face-lost,1,0
1675459114469,face-lost,1,0
1675459115464,face-lost,1,0
1675459116460,face-lost,1,0
1675459117427,face-lost,1,0
1675459118428,face-lost,1,0
1675459119441,face-lost,1,0
1675459120415,face-lost,1,0
1675459121423,face-lost,1,0
1675459122417,face-lost,1,0
1675459123389,face-lost,1,0
1675459124389,face-lost,1,0
1675459125397,face-lost,1,0
1675459126362,face-lost,1,0
1675459127330,face-lost,1,0
1675459128382,face-lost,1,0
1675459129409,face-lost,1,0
1675459130432,face-lost,1,0
1675459131454,face-lost,1,0
1675459132463,face-lost,1,0
1675459250127,video-playing,1,0
1675459323724,video-playing,1,0
1675459392416,red-bounding-box,1,0
1675459394835,red-bounding-box,1,0
1675459395139,red-bounding-box,1,0
1675459397815,red-bounding-box,1,0
