timestamp,reason,lecture_id,group_id
1675161997472,face-lost,1,0
1675161997969,face-lost,1,0
1675161998350,face-lost,1,0
1675161999246,face-lost,1,0
1675161999793,face-lost,1,0
1675162000295,face-lost,1,0
1675162001132,face-lost,1,0
1675162001616,face-lost,1,0
1675162002091,face-lost,1,0
1675162002561,face-lost,1,0
1675162003035,face-lost,1,0
1675162019903,face-lost,1,0
1675162021009,face-lost,1,0
1675162023801,face-lost,1,0
1675162024131,face-lost,1,0
1675162062566,video-playing,1,0
