timestamp,reason,lecture_id,group_id
1675461938207,face-lost,1,0
1675461938359,face-lost,1,0
1675461938485,face-lost,1,0
1675461945663,face-lost,1,0
1675461946130,face-lost,1,0
1675461946670,face-lost,1,0
1675461946856,face-lost,1,0
1675461947051,face-lost,1,0
1675461947243,face-lost,1,0
1675461947416,face-lost,1,0
1675461947598,face-lost,1,0
1675461947766,face-lost,1,0
1675461947910,face-lost,1,0
1675461948057,face-lost,1,0
1675461948227,face-lost,1,0
1675461948358,face-lost,1,0
1675461948496,face-lost,1,0
1675461948643,face-lost,1,0
1675461948771,face-lost,1,0
1675461948923,face-lost,1,0
1675461949058,face-lost,1,0
1675461949215,face-lost,1,0
1675461949356,face-lost,1,0
1675461949519,face-lost,1,0
1675461949664,face-lost,1,0
1675461949821,face-lost,1,0
1675461949965,face-lost,1,0
1675461950104,face-lost,1,0
1675461950244,face-lost,1,0
1675461950386,face-lost,1,0
1675461950532,face-lost,1,0
1675461979601,video-playing,1,0
1675462115612,red-bounding-box,1,0
1675462115932,face-lost,1,0
1675462116029,face-lost,1,0
1675462116128,face-lost,1,0
1675462116224,face-lost,1,0
1675462116332,face-lost,1,0
1675462116438,face-lost,1,0
1675462116540,face-lost,1,0
1675462116647,face-lost,1,0
1675462117096,face-lost,1,0
1675462117213,face-lost,1,0
1675462117307,face-lost,1,0
1675462117759,red-bounding-box,1,0
1675462147608,visibility-hidden,1,0
1675462148613,visibility-hidden,1,0
1675462149611,visibility-hidden,1,0
1675462150613,visibility-hidden,1,0
1675462151611,visibility-hidden,1,0
1675462152693,visibility-hidden,1,0
1675462153612,visibility-hidden,1,0
1675462156611,visibility-hidden,1,0
1675462157606,visibility-hidden,1,0
1675462158611,visibility-hidden,1,0
1675462163605,visibility-hidden,1,0
1675462164611,visibility-hidden,1,0
1675462165611,visibility-hidden,1,0
1675462166611,visibility-hidden,1,0
1675462167611,visibility-hidden,1,0
1675462168611,visibility-hidden,1,0
1675462169612,visibility-hidden,1,0
1675462170610,visibility-hidden,1,0
1675462171613,visibility-hidden,1,0
1675462172611,visibility-hidden,1,0
1675462182611,visibility-hidden,1,0
1675462183611,visibility-hidden,1,0
1675462184608,visibility-hidden,1,0
1675462185611,visibility-hidden,1,0
1675462186611,visibility-hidden,1,0
1675462187611,visibility-hidden,1,0
1675462188612,visibility-hidden,1,0
1675462189613,visibility-hidden,1,0
1675462190611,visibility-hidden,1,0
1675462191609,visibility-hidden,1,0
1675462201611,visibility-hidden,1,0
1675462202611,visibility-hidden,1,0
1675462203611,visibility-hidden,1,0
1675462204611,visibility-hidden,1,0
1675462205606,visibility-hidden,1,0
1675462206611,visibility-hidden,1,0
1675462207611,visibility-hidden,1,0
1675462211608,visibility-hidden,1,0
1675462212609,visibility-hidden,1,0
1675462213611,visibility-hidden,1,0
1675462214611,visibility-hidden,1,0
1675462215611,visibility-hidden,1,0
1675462216611,visibility-hidden,1,0
1675462217611,visibility-hidden,1,0
1675462229612,visibility-hidden,1,0
1675462230611,visibility-hidden,1,0
1675462231612,visibility-hidden,1,0
1675462241611,visibility-hidden,1,0
1675462242612,visibility-hidden,1,0
1675462243611,visibility-hidden,1,0
1675462252611,visibility-hidden,1,0
1675462258611,visibility-hidden,1,0
1675462259612,visibility-hidden,1,0
1675462263607,visibility-hidden,1,0
1675462264611,visibility-hidden,1,0
1675462265611,visibility-hidden,1,0
1675462266611,visibility-hidden,1,0
1675462267611,visibility-hidden,1,0
1675462268611,visibility-hidden,1,0
1675462269611,visibility-hidden,1,0
1675462273607,visibility-hidden,1,0
1675462274611,visibility-hidden,1,0
