timestamp,reason,lecture_id,group_id
1675494223165,face-lost,1,0
1675494223185,face-lost,1,0
1675494223210,face-lost,1,0
1675494230986,face-lost,1,0
1675494231170,face-lost,1,0
1675494258454,video-playing,1,0
1675494267460,red-bounding-box,1,0
1675494268479,red-bounding-box,1,0
1675494269476,red-bounding-box,1,0
1675494271459,red-bounding-box,1,0
1675494452461,red-bounding-box,1,0
1675494453476,red-bounding-box,1,0
1675494515457,red-bounding-box,1,0
1675494516465,red-bounding-box,1,0
1675494518460,red-bounding-box,1,0
