timestamp,reason,lecture_id,group_id
1675284040981,face-lost,1,0
1675284041063,face-lost,1,0
1675284041125,face-lost,1,0
1675284041178,face-lost,1,0
1675284041242,face-lost,1,0
1675284050946,face-lost,1,0
1675284051207,face-lost,1,0
1675284051530,face-lost,1,0
1675284051831,face-lost,1,0
1675284051924,face-lost,1,0
1675284052019,face-lost,1,0
1675284052110,face-lost,1,0
1675284052224,face-lost,1,0
1675284052324,face-lost,1,0
1675284052418,face-lost,1,0
1675284052505,face-lost,1,0
1675284052582,face-lost,1,0
1675284052665,face-lost,1,0
1675284052757,face-lost,1,0
1675284052838,face-lost,1,0
1675284052906,face-lost,1,0
1675284052986,face-lost,1,0
1675284053063,face-lost,1,0
1675284053141,face-lost,1,0
1675284053223,face-lost,1,0
1675284053309,face-lost,1,0
1675284053388,face-lost,1,0
1675284053482,face-lost,1,0
1675284053560,face-lost,1,0
1675284053642,face-lost,1,0
1675284053726,face-lost,1,0
1675284053821,face-lost,1,0
1675284053899,face-lost,1,0
1675284053977,face-lost,1,0
1675284054051,face-lost,1,0
1675284054128,face-lost,1,0
1675284054195,face-lost,1,0
1675284054261,face-lost,1,0
1675284054332,face-lost,1,0
1675284054412,face-lost,1,0
1675284054489,face-lost,1,0
1675284054551,face-lost,1,0
1675284054636,face-lost,1,0
1675284054708,face-lost,1,0
1675284054774,face-lost,1,0
1675284054845,face-lost,1,0
1675284054911,face-lost,1,0
1675284054979,face-lost,1,0
1675284055043,face-lost,1,0
1675284055110,face-lost,1,0
1675284055172,face-lost,1,0
1675284055242,face-lost,1,0
1675284055305,face-lost,1,0
1675284055375,face-lost,1,0
1675284055451,face-lost,1,0
1675284055513,face-lost,1,0
1675284055584,face-lost,1,0
1675284055650,face-lost,1,0
1675284055731,face-lost,1,0
1675284055810,face-lost,1,0
1675284055889,face-lost,1,0
1675284056008,face-lost,1,0
1675284056110,face-lost,1,0
1675284056173,face-lost,1,0
1675284056241,face-lost,1,0
1675284077258,video-playing,1,0
1675284363338,visibility-hidden,1,0
1675284364261,visibility-hidden,1,0
1675284365261,visibility-hidden,1,0
1675284366261,visibility-hidden,1,0
1675284367261,visibility-hidden,1,0
1675284369261,visibility-hidden,1,0
1675284370261,visibility-hidden,1,0
1675284371261,visibility-hidden,1,0
1675284372261,visibility-hidden,1,0
1675284373261,visibility-hidden,1,0
1675284374261,visibility-hidden,1,0
1675284375262,visibility-hidden,1,0
1675284376261,visibility-hidden,1,0
1675284377261,visibility-hidden,1,0
1675284378261,visibility-hidden,1,0
1675284379261,visibility-hidden,1,0
1675284380261,visibility-hidden,1,0
1675284381261,visibility-hidden,1,0
1675284382261,visibility-hidden,1,0
1675284383261,visibility-hidden,1,0
1675284384261,visibility-hidden,1,0
1675284385261,visibility-hidden,1,0
1675284386261,visibility-hidden,1,0
1675284387261,visibility-hidden,1,0
1675284388261,visibility-hidden,1,0
1675284389261,visibility-hidden,1,0
1675284390261,visibility-hidden,1,0
1675284391261,visibility-hidden,1,0
1675284392261,visibility-hidden,1,0
1675284393261,visibility-hidden,1,0
1675284394261,visibility-hidden,1,0
1675284395261,visibility-hidden,1,0
1675284396261,visibility-hidden,1,0
1675284397261,visibility-hidden,1,0
1675284398261,visibility-hidden,1,0
1675284399261,visibility-hidden,1,0
1675284400261,visibility-hidden,1,0
1675284401261,visibility-hidden,1,0
1675284402262,visibility-hidden,1,0
1675284403261,visibility-hidden,1,0
1675284404261,visibility-hidden,1,0
1675284405261,visibility-hidden,1,0
1675284406261,visibility-hidden,1,0
1675284407261,visibility-hidden,1,0
