timestamp,reason,lecture_id,group_id
1675153342113,face-lost,1,0
1675153342326,face-lost,1,0
1675153342455,face-lost,1,0
1675153369915,face-lost,1,0
1675153370431,face-lost,1,0
1675153371125,face-lost,1,0
1675153372129,face-lost,1,0
1675153372276,face-lost,1,0
1675153372470,face-lost,1,0
1675153372609,face-lost,1,0
1675153372742,face-lost,1,0
1675153373064,face-lost,1,0
1675153373373,face-lost,1,0
1675153373586,face-lost,1,0
1675153373764,face-lost,1,0
1675153373905,face-lost,1,0
1675153374073,face-lost,1,0
1675153374200,face-lost,1,0
1675153374325,face-lost,1,0
1675153374473,face-lost,1,0
1675153374593,face-lost,1,0
1675153374696,face-lost,1,0
1675153374824,face-lost,1,0
1675153374933,face-lost,1,0
1675153375080,face-lost,1,0
1675153375184,face-lost,1,0
1675153375306,face-lost,1,0
1675153375411,face-lost,1,0
1675153375515,face-lost,1,0
1675153375629,face-lost,1,0
1675153375730,face-lost,1,0
1675153375836,face-lost,1,0
1675153375929,face-lost,1,0
1675153376084,face-lost,1,0
1675153376195,face-lost,1,0
1675153376293,face-lost,1,0
1675153376408,face-lost,1,0
1675153376548,face-lost,1,0
1675153376660,face-lost,1,0
1675153376778,face-lost,1,0
1675153376909,face-lost,1,0
1675153377012,face-lost,1,0
1675153377139,face-lost,1,0
1675153377260,face-lost,1,0
1675153377377,face-lost,1,0
1675153377476,face-lost,1,0
1675153377584,face-lost,1,0
1675153377679,face-lost,1,0
1675153377787,face-lost,1,0
1675153377905,face-lost,1,0
1675153378019,face-lost,1,0
1675153378172,face-lost,1,0
1675153378292,face-lost,1,0
1675153378431,face-lost,1,0
1675153378564,face-lost,1,0
1675153378687,face-lost,1,0
1675153378827,face-lost,1,0
1675153378940,face-lost,1,0
1675153379072,face-lost,1,0
1675153379236,face-lost,1,0
1675153379363,face-lost,1,0
1675153379498,face-lost,1,0
1675153379644,face-lost,1,0
1675153379785,face-lost,1,0
1675153379959,face-lost,1,0
1675153380151,face-lost,1,0
1675153380285,face-lost,1,0
1675153380422,face-lost,1,0
1675153450089,video-playing,1,0
1675153463228,video-playing,1,0
1675153464998,video-playing,1,0
1675153467783,video-playing,1,0
1675153477817,video-playing,1,0
1675153496989,video-playing,1,0
1675153515664,video-playing,1,0
1675153541205,red-bounding-box,1,0
1675153648106,red-bounding-box,1,0
1675153663197,red-bounding-box,1,0
1675153664135,red-bounding-box,1,0
1675153665285,red-bounding-box,1,0
1675153666140,red-bounding-box,1,0
1675153762257,red-bounding-box,1,0
1675153775130,red-bounding-box,1,0
1675153790107,red-bounding-box,1,0
1675153795164,red-bounding-box,1,0
1675153796110,red-bounding-box,1,0
