timestamp,reason,lecture_id,group_id
1673581750895,face-lost,1,0
1673581751144,face-lost,1,0
1673581751376,face-lost,1,0
1673581751953,face-lost,1,0
1673581752310,face-lost,1,0
1673581752635,face-lost,1,0
1673581752977,face-lost,1,0
1673581753535,face-lost,1,0
1673581753851,face-lost,1,0
1673581754156,face-lost,1,0
1673581754460,face-lost,1,0
1673581754785,face-lost,1,0
1673581755092,face-lost,1,0
1673581755403,face-lost,1,0
1673581755711,face-lost,1,0
1673581756022,face-lost,1,0
1673581756343,face-lost,1,0
1673581756665,face-lost,1,0
1673581756968,face-lost,1,0
1673581757280,face-lost,1,0
1673581757585,face-lost,1,0
1673581757889,face-lost,1,0
1673581758228,face-lost,1,0
1673581758545,face-lost,1,0
1673581758853,face-lost,1,0
1673581759156,face-lost,1,0
1673581759454,face-lost,1,0
1673581759761,face-lost,1,0
1673581760099,face-lost,1,0
1673581760410,face-lost,1,0
1673581760721,face-lost,1,0
1673581761022,face-lost,1,0
1673581761342,face-lost,1,0
1673581761650,face-lost,1,0
1673581761950,face-lost,1,0
1673581762258,face-lost,1,0
1673581762569,face-lost,1,0
1673581762886,face-lost,1,0
1673581763199,face-lost,1,0
1673581763501,face-lost,1,0
1673581763804,face-lost,1,0
1673581764100,face-lost,1,0
1673581764418,face-lost,1,0
1673581764718,face-lost,1,0
1673581765012,face-lost,1,0
1673581765310,face-lost,1,0
1673581765618,face-lost,1,0
1673581765918,face-lost,1,0
1673581766221,face-lost,1,0
1673581766541,face-lost,1,0
1673581798182,video-playing,1,0
1673581966414,red-bounding-box,1,0
1673581967526,red-bounding-box,1,0
1673582036426,red-bounding-box,1,0
1673582037533,red-bounding-box,1,0
1673582038674,red-bounding-box,1,0
