video_id,group_name,start_timestamp,end_timestamp,slide_id,interval_id,aoi_id,aoi_id_global,status,percent,aoi_upper_left_x,aoi_upper_left_y,aoi_lower_right_x,aoi_lower_right_y
1,control,0.0,3.333,0,1,4,0,0.0,0.371849738468854,0.28854166666666664,0.3277777777777778,0.496875,0.8333333333333334
1,control,3.333,8.333,1,0,0,1,0.0,0.42810026385224276,0.041666666666666664,0.06666666666666667,0.6833333333333333,0.17222222222222222
1,control,8.333,13.333,1,1,0,2,0.0,0.4786352040816326,0.041666666666666664,0.06666666666666667,0.6833333333333333,0.17222222222222222
1,control,13.333,18.333,1,2,0,3,0.0,0.35760940561724364,0.041666666666666664,0.06666666666666667,0.6833333333333333,0.17222222222222222
1,control,18.333,23.333,1,3,0,4,0.0,0.26081126382836073,0.041666666666666664,0.06666666666666667,0.6833333333333333,0.17222222222222222
1,control,23.333,28.333,1,4,0,5,0.0,0.3333333333333333,0.041666666666666664,0.06666666666666667,0.6833333333333333,0.17222222222222222
1,control,28.333,30.0,1,5,0,6,0.0,0.26791277258566976,0.041666666666666664,0.06666666666666667,0.6833333333333333,0.17222222222222222
1,control,30.0,35.0,2,0,0,7,0.0,0.173050139275766,0.041666666666666664,0.06666666666666667,0.6833333333333333,0.17222222222222222
1,control,35.0,40.0,2,1,9,8,0.0,0.14457831325301204,0.575,0.6981481481481482,0.740625,0.912962962962963
1,control,40.0,45.0,2,2,2,9,0.0,0.14112903225806453,0.07916666666666666,0.5,0.9229166666666667,0.6851851851851852
1,control,45.0,50.0,2,3,0,10,0.0,0.21314808539478142,0.041666666666666664,0.06666666666666667,0.6833333333333333,0.17222222222222222
1,control,50.0,55.0,2,4,0,11,0.0,0.2625173852573018,0.041666666666666664,0.06666666666666667,0.6833333333333333,0.17222222222222222
1,control,55.0,60.0,2,5,0,12,0.0,0.23001808318264014,0.041666666666666664,0.06666666666666667,0.6833333333333333,0.17222222222222222
1,control,60.0,65.0,2,6,2,13,0.0,0.17074981440237566,0.07916666666666666,0.5,0.9229166666666667,0.6851851851851852
1,control,65.0,70.0,2,7,0,14,0.0,0.16501650165016502,0.041666666666666664,0.06666666666666667,0.6833333333333333,0.17222222222222222
1,control,70.0,75.0,2,8,7,15,0.0,0.18299445471349354,0.4166666666666667,0.2796296296296296,0.728125,0.575925925925926
1,control,75.0,80.0,2,9,0,16,0.0,0.17994100294985252,0.041666666666666664,0.06666666666666667,0.6833333333333333,0.17222222222222222
1,control,80.0,85.0,2,10,0,17,0.0,0.17473309608540924,0.041666666666666664,0.06666666666666667,0.6833333333333333,0.17222222222222222
1,control,85.0,90.0,2,11,0,18,0.0,0.18487109905020352,0.041666666666666664,0.06666666666666667,0.6833333333333333,0.17222222222222222
1,control,90.0,95.0,2,12,5,19,0.0,0.20283344851416724,0.25729166666666664,0.6925925925925925,0.4322916666666667,0.9111111111111111
1,control,95.0,100.0,2,13,5,20,0.0,0.17846153846153845,0.25729166666666664,0.6925925925925925,0.4322916666666667,0.9111111111111111
1,control,100.0,105.0,2,14,5,21,0.0,0.17531797868683396,0.25729166666666664,0.6925925925925925,0.4322916666666667,0.9111111111111111
1,control,105.0,110.0,2,15,5,22,0.0,0.18758573388203018,0.25729166666666664,0.6925925925925925,0.4322916666666667,0.9111111111111111
1,control,110.0,115.0,2,16,5,23,0.0,0.19403496743229345,0.25729166666666664,0.6925925925925925,0.4322916666666667,0.9111111111111111
1,control,115.0,120.0,2,17,5,24,0.0,0.18501170960187355,0.25729166666666664,0.6925925925925925,0.4322916666666667,0.9111111111111111
1,control,120.0,125.0,2,18,5,25,0.0,0.16897133220910623,0.25729166666666664,0.6925925925925925,0.4322916666666667,0.9111111111111111
1,control,125.0,130.0,2,19,5,26,0.0,0.18082565677243262,0.25729166666666664,0.6925925925925925,0.4322916666666667,0.9111111111111111
1,control,130.0,135.0,2,20,5,27,0.0,0.16851292379993285,0.25729166666666664,0.6925925925925925,0.4322916666666667,0.9111111111111111
1,control,135.0,140.0,2,21,0,28,0.0,0.17713903743315507,0.041666666666666664,0.06666666666666667,0.6833333333333333,0.17222222222222222
1,control,140.0,145.0,2,22,5,29,0.0,0.18410596026490067,0.25729166666666664,0.6925925925925925,0.4322916666666667,0.9111111111111111
1,control,145.0,150.0,2,23,5,30,0.0,0.19508867667121418,0.25729166666666664,0.6925925925925925,0.4322916666666667,0.9111111111111111
1,control,150.0,155.0,2,24,9,31,0.0,0.18145025295109612,0.575,0.6981481481481482,0.740625,0.912962962962963
1,control,155.0,160.0,2,25,5,32,0.0,0.17281488866733133,0.25729166666666664,0.6925925925925925,0.4322916666666667,0.9111111111111111
1,control,160.0,165.0,2,26,5,33,0.0,0.19436052366565962,0.25729166666666664,0.6925925925925925,0.4322916666666667,0.9111111111111111
1,control,165.0,170.0,2,27,5,34,0.0,0.18238993710691823,0.25729166666666664,0.6925925925925925,0.4322916666666667,0.9111111111111111
1,control,170.0,175.0,2,28,0,35,0.0,0.20608108108108109,0.041666666666666664,0.06666666666666667,0.6833333333333333,0.17222222222222222
1,control,175.0,180.0,2,29,0,36,0.0,0.193687707641196,0.041666666666666664,0.06666666666666667,0.6833333333333333,0.17222222222222222
1,control,180.0,185.0,2,30,5,37,0.0,0.18402662229617303,0.25729166666666664,0.6925925925925925,0.4322916666666667,0.9111111111111111
1,control,185.0,190.0,2,31,2,38,0.0,0.1724137931034483,0.07916666666666666,0.5,0.9229166666666667,0.6851851851851852
1,control,190.0,195.0,2,32,5,39,0.0,0.1757983193277311,0.25729166666666664,0.6925925925925925,0.4322916666666667,0.9111111111111111
1,control,195.0,200.0,2,33,9,40,0.0,0.1510574018126888,0.575,0.6981481481481482,0.740625,0.912962962962963
1,control,200.0,205.0,2,34,9,41,0.0,0.23429951690821257,0.575,0.6981481481481482,0.740625,0.912962962962963
1,control,205.0,210.0,2,35,9,42,0.0,0.18246930422919508,0.575,0.6981481481481482,0.740625,0.912962962962963
1,control,210.0,215.0,2,36,9,43,0.0,0.17178118745830553,0.575,0.6981481481481482,0.740625,0.912962962962963
1,control,215.0,220.0,2,37,9,44,0.0,0.2653130287648054,0.575,0.6981481481481482,0.740625,0.912962962962963
1,control,220.0,225.0,2,38,9,45,0.0,0.24048096192384769,0.575,0.6981481481481482,0.740625,0.912962962962963
1,control,225.0,226.666,2,39,9,46,0.0,0.16684155299055614,0.575,0.6981481481481482,0.740625,0.912962962962963
1,control,226.666,231.666,3,0,5,47,0.0,0.24173201500170474,0.6458333333333334,0.6111111111111112,0.8229166666666666,0.6759259259259259
1,control,231.666,236.666,3,1,5,48,0.0,0.3076667772983737,0.6458333333333334,0.6111111111111112,0.8229166666666666,0.6759259259259259
1,control,236.666,241.666,3,2,5,49,0.0,0.2722672064777328,0.6458333333333334,0.6111111111111112,0.8229166666666666,0.6759259259259259
1,control,241.666,246.666,3,3,2,50,0.0,0.2904522613065327,0.041666666666666664,0.5703703703703704,0.48125,0.7574074074074074
1,control,246.666,251.666,3,4,0,51,0.0,0.27048337332876243,0.041666666666666664,0.06666666666666667,0.6833333333333333,0.17222222222222222
1,control,251.666,253.333,3,5,2,52,0.0,0.3125,0.041666666666666664,0.5703703703703704,0.48125,0.7574074074074074
1,control,253.333,258.333,4,0,2,53,0.0,0.2558296721865495,0.041666666666666664,0.5703703703703704,0.48125,0.7574074074074074
1,control,258.333,260.0,4,1,2,54,0.0,0.2443298969072165,0.041666666666666664,0.5703703703703704,0.48125,0.7574074074074074
1,control,260.0,265.0,5,0,2,55,0.0,0.7837011884550085,0.052083333333333336,0.37222222222222223,0.7479166666666667,0.5703703703703704
1,control,265.0,270.0,5,1,2,56,0.0,0.7349604675146099,0.052083333333333336,0.37222222222222223,0.7479166666666667,0.5703703703703704
1,feedback,0.0,3.333,0,1,5,57,0.0,0.32092518973617634,0.5197916666666667,0.3574074074074074,0.7364583333333333,0.8351851851851851
1,feedback,3.333,8.333,1,0,0,58,0.0,0.5368620037807184,0.041666666666666664,0.06666666666666667,0.6833333333333333,0.17222222222222222
1,feedback,8.333,13.333,1,1,0,59,0.0,0.3537769358276107,0.041666666666666664,0.06666666666666667,0.6833333333333333,0.17222222222222222
1,feedback,13.333,18.333,1,2,0,60,0.0,0.266650808753568,0.041666666666666664,0.06666666666666667,0.6833333333333333,0.17222222222222222
1,feedback,18.333,23.333,1,3,4,61,0.0,0.29973728206352995,0.28854166666666664,0.3296296296296296,0.496875,0.8333333333333334
1,feedback,23.333,28.333,1,4,0,62,0.0,0.29296235679214405,0.041666666666666664,0.06666666666666667,0.6833333333333333,0.17222222222222222
1,feedback,28.333,30.0,1,5,0,63,0.0,0.2755681818181818,0.041666666666666664,0.06666666666666667,0.6833333333333333,0.17222222222222222
1,feedback,30.0,35.0,2,0,0,64,0.0,0.21670266378689704,0.041666666666666664,0.06666666666666667,0.6833333333333333,0.17222222222222222
1,feedback,35.0,40.0,2,1,0,65,0.0,0.17178062333897076,0.041666666666666664,0.06666666666666667,0.6833333333333333,0.17222222222222222
1,feedback,40.0,45.0,2,2,0,66,0.0,0.14296205630354958,0.041666666666666664,0.06666666666666667,0.6833333333333333,0.17222222222222222
1,feedback,45.0,50.0,2,3,2,67,0.0,0.12404214559386974,0.07916666666666666,0.5,0.9229166666666667,0.6851851851851852
1,feedback,50.0,55.0,2,4,0,68,0.0,0.20028957528957528,0.041666666666666664,0.06666666666666667,0.6833333333333333,0.17222222222222222
1,feedback,55.0,60.0,2,5,7,69,0.0,0.17263306641544984,0.4166666666666667,0.2796296296296296,0.728125,0.575925925925926
1,feedback,60.0,65.0,2,6,7,70,0.0,0.15849056603773584,0.4166666666666667,0.2796296296296296,0.728125,0.575925925925926
1,feedback,65.0,70.0,2,7,7,71,0.0,0.18353808353808354,0.4166666666666667,0.2796296296296296,0.728125,0.575925925925926
1,feedback,70.0,75.0,2,8,7,72,0.0,0.20019675356615838,0.4166666666666667,0.2796296296296296,0.728125,0.575925925925926
1,feedback,75.0,80.0,2,9,7,73,0.0,0.15587588565844124,0.4166666666666667,0.2796296296296296,0.728125,0.575925925925926
1,feedback,80.0,85.0,2,10,7,74,0.0,0.16658607350096713,0.4166666666666667,0.2796296296296296,0.728125,0.575925925925926
1,feedback,85.0,90.0,2,11,7,75,0.0,0.14804677780542425,0.4166666666666667,0.2796296296296296,0.728125,0.575925925925926
1,feedback,90.0,95.0,2,12,7,76,0.0,0.17217391304347826,0.4166666666666667,0.2796296296296296,0.728125,0.575925925925926
1,feedback,95.0,100.0,2,13,7,77,0.0,0.17787855883093978,0.4166666666666667,0.2796296296296296,0.728125,0.575925925925926
1,feedback,100.0,105.0,2,14,7,78,0.0,0.2237638748738648,0.4166666666666667,0.2796296296296296,0.728125,0.575925925925926
1,feedback,105.0,110.0,2,15,7,79,0.0,0.191871921182266,0.4166666666666667,0.2796296296296296,0.728125,0.575925925925926
1,feedback,110.0,115.0,2,16,7,80,0.0,0.16740631163708086,0.4166666666666667,0.2796296296296296,0.728125,0.575925925925926
1,feedback,115.0,120.0,2,17,7,81,0.0,0.17011324470704087,0.4166666666666667,0.2796296296296296,0.728125,0.575925925925926
1,feedback,120.0,125.0,2,18,7,82,0.0,0.21710365106591523,0.4166666666666667,0.2796296296296296,0.728125,0.575925925925926
1,feedback,125.0,130.0,2,19,9,83,0.0,0.23238234576932457,0.575,0.6981481481481482,0.740625,0.912962962962963
1,feedback,130.0,135.0,2,20,9,84,0.0,0.20127638684339716,0.575,0.6981481481481482,0.740625,0.912962962962963
1,feedback,135.0,140.0,2,21,9,85,0.0,0.20103346456692914,0.575,0.6981481481481482,0.740625,0.912962962962963
1,feedback,140.0,145.0,2,22,7,86,0.0,0.18571428571428572,0.4166666666666667,0.2796296296296296,0.728125,0.575925925925926
1,feedback,145.0,150.0,2,23,9,87,0.0,0.21915103652517276,0.575,0.6981481481481482,0.740625,0.912962962962963
1,feedback,150.0,155.0,2,24,7,88,0.0,0.1942998760842627,0.4166666666666667,0.2796296296296296,0.728125,0.575925925925926
1,feedback,155.0,160.0,2,25,9,89,0.0,0.22164308761479276,0.575,0.6981481481481482,0.740625,0.912962962962963
1,feedback,160.0,165.0,2,26,7,90,0.0,0.20024271844660194,0.4166666666666667,0.2796296296296296,0.728125,0.575925925925926
1,feedback,165.0,170.0,2,27,9,91,0.0,0.19273075083692012,0.575,0.6981481481481482,0.740625,0.912962962962963
1,feedback,170.0,175.0,2,28,9,92,0.0,0.19618464437117286,0.575,0.6981481481481482,0.740625,0.912962962962963
1,feedback,175.0,180.0,2,29,7,93,0.0,0.20421701018715943,0.4166666666666667,0.2796296296296296,0.728125,0.575925925925926
1,feedback,180.0,185.0,2,30,9,94,0.0,0.20193470374848851,0.575,0.6981481481481482,0.740625,0.912962962962963
1,feedback,185.0,190.0,2,31,7,95,0.0,0.2041934715272814,0.4166666666666667,0.2796296296296296,0.728125,0.575925925925926
1,feedback,190.0,195.0,2,32,7,96,0.0,0.1902439024390244,0.4166666666666667,0.2796296296296296,0.728125,0.575925925925926
1,feedback,195.0,200.0,2,33,7,97,0.0,0.20485619990570486,0.4166666666666667,0.2796296296296296,0.728125,0.575925925925926
1,feedback,200.0,205.0,2,34,9,98,0.0,0.18175405596049848,0.575,0.6981481481481482,0.740625,0.912962962962963
1,feedback,205.0,210.0,2,35,9,99,0.0,0.22838345864661655,0.575,0.6981481481481482,0.740625,0.912962962962963
1,feedback,210.0,215.0,2,36,9,100,0.0,0.21608757734412185,0.575,0.6981481481481482,0.740625,0.912962962962963
1,feedback,215.0,220.0,2,37,9,101,0.0,0.1941747572815534,0.575,0.6981481481481482,0.740625,0.912962962962963
1,feedback,220.0,225.0,2,38,9,102,0.0,0.19536661093861954,0.575,0.6981481481481482,0.740625,0.912962962962963
1,feedback,225.0,226.666,2,39,9,103,0.0,0.17642805495300073,0.575,0.6981481481481482,0.740625,0.912962962962963
1,feedback,226.666,231.666,3,0,2,104,0.0,0.2672393223574326,0.041666666666666664,0.5703703703703704,0.48125,0.7574074074074074
1,feedback,231.666,236.666,3,1,5,105,0.0,0.27097694318992155,0.6458333333333334,0.6111111111111112,0.8229166666666666,0.6759259259259259
1,feedback,236.666,241.666,3,2,1,106,0.0,0.3053076561766087,0.041666666666666664,0.31666666666666665,0.4666666666666667,0.5018518518518519
1,feedback,241.666,246.666,3,3,2,107,0.0,0.2745930644019816,0.041666666666666664,0.5703703703703704,0.48125,0.7574074074074074
1,feedback,246.666,251.666,3,4,1,108,0.0,0.29329542762378585,0.041666666666666664,0.31666666666666665,0.4666666666666667,0.5018518518518519
1,feedback,251.666,253.333,3,5,2,109,0.0,0.29748603351955305,0.041666666666666664,0.5703703703703704,0.48125,0.7574074074074074
1,feedback,253.333,258.333,4,0,1,110,0.0,0.2877680886165449,0.041666666666666664,0.31666666666666665,0.4666666666666667,0.5018518518518519
1,feedback,258.333,260.0,4,1,1,111,0.0,0.3160961398397669,0.041666666666666664,0.31666666666666665,0.4666666666666667,0.5018518518518519
1,feedback,260.0,265.0,5,0,2,112,0.0,0.8109756097560976,0.052083333333333336,0.37222222222222223,0.7479166666666667,0.5703703703703704
1,feedback,265.0,270.0,5,1,2,113,0.0,0.8374609281077182,0.052083333333333336,0.37222222222222223,0.7479166666666667,0.5703703703703704
2,control,0.0,5.0,0,1,3,0,0.0,0.4670280036133695,0.042708333333333334,0.06666666666666667,0.490625,0.2351851851851852
2,control,5.0,10.0,0,2,3,1,0.0,0.4498528412949966,0.042708333333333334,0.06666666666666667,0.490625,0.2351851851851852
2,control,10.0,15.0,0,3,6,2,0.0,0.2990717681684401,0.3958333333333333,0.45740740740740743,0.753125,0.9648148148148148
2,control,15.0,20.0,0,4,6,3,0.0,0.33958810068649886,0.3958333333333333,0.45740740740740743,0.753125,0.9648148148148148
2,control,20.0,25.0,0,5,6,4,0.0,0.39214780600461896,0.3958333333333333,0.45740740740740743,0.753125,0.9648148148148148
2,control,25.0,30.0,0,6,6,5,0.0,0.28422031141064374,0.3958333333333333,0.45740740740740743,0.753125,0.9648148148148148
2,control,30.0,35.0,0,7,6,6,0.0,0.2748163942193793,0.3958333333333333,0.45740740740740743,0.753125,0.9648148148148148
2,control,35.0,40.0,0,8,6,7,0.0,0.2794943820224719,0.3958333333333333,0.45740740740740743,0.753125,0.9648148148148148
2,control,40.0,45.0,0,9,6,8,0.0,0.2553643008724357,0.3958333333333333,0.45740740740740743,0.753125,0.9648148148148148
2,control,45.0,50.0,0,10,6,9,0.0,0.25428979980934224,0.3958333333333333,0.45740740740740743,0.753125,0.9648148148148148
2,control,50.0,55.0,0,11,6,10,0.0,0.2828854314002829,0.3958333333333333,0.45740740740740743,0.753125,0.9648148148148148
2,control,55.0,60.0,0,12,6,11,0.0,0.33064887252646114,0.3958333333333333,0.45740740740740743,0.753125,0.9648148148148148
2,control,60.0,65.0,0,13,6,12,0.0,0.30504957343786027,0.3958333333333333,0.45740740740740743,0.753125,0.9648148148148148
2,control,65.0,70.0,0,14,6,13,0.0,0.26553803339517623,0.3958333333333333,0.45740740740740743,0.753125,0.9648148148148148
2,control,70.0,75.0,0,15,6,14,0.0,0.286214953271028,0.3958333333333333,0.45740740740740743,0.753125,0.9648148148148148
2,control,75.0,80.0,0,16,6,15,0.0,0.3555607917059378,0.3958333333333333,0.45740740740740743,0.753125,0.9648148148148148
2,control,80.0,85.0,0,17,6,16,0.0,0.34977891552245755,0.3958333333333333,0.45740740740740743,0.753125,0.9648148148148148
2,control,85.0,90.0,0,18,6,17,0.0,0.33318067323105105,0.3958333333333333,0.45740740740740743,0.753125,0.9648148148148148
2,control,90.0,95.0,0,19,6,18,0.0,0.3082029397818872,0.3958333333333333,0.45740740740740743,0.753125,0.9648148148148148
2,control,95.0,100.0,0,20,6,19,0.0,0.2967165620473201,0.3958333333333333,0.45740740740740743,0.753125,0.9648148148148148
2,control,100.0,105.0,0,21,6,20,0.0,0.2752929921071514,0.3958333333333333,0.45740740740740743,0.753125,0.9648148148148148
2,control,105.0,110.0,0,22,6,21,0.0,0.3255202104759627,0.3958333333333333,0.45740740740740743,0.753125,0.9648148148148148
2,control,110.0,113.333,0,23,6,22,0.0,0.3075812274368231,0.3958333333333333,0.45740740740740743,0.753125,0.9648148148148148
2,control,113.333,118.333,1,0,1,23,0.0,0.1782368484266154,0.040625,0.75,0.3458333333333333,0.8629629629629629
2,control,118.333,123.333,1,1,3,24,0.0,0.17999053926206243,0.042708333333333334,0.06666666666666667,0.5010416666666667,0.2351851851851852
2,control,123.333,128.333,1,2,1,25,0.0,0.16143392689784442,0.040625,0.75,0.3458333333333333,0.8629629629629629
2,control,128.333,133.333,1,3,1,26,0.0,0.1801363193768257,0.040625,0.75,0.3458333333333333,0.8629629629629629
2,control,133.333,138.333,1,4,3,27,0.0,0.19696969696969696,0.042708333333333334,0.06666666666666667,0.5010416666666667,0.2351851851851852
2,control,138.333,143.333,1,5,3,28,0.0,0.18610778443113773,0.042708333333333334,0.06666666666666667,0.5010416666666667,0.2351851851851852
2,control,143.333,148.333,1,6,3,29,0.0,0.16674664107485604,0.042708333333333334,0.06666666666666667,0.5010416666666667,0.2351851851851852
2,control,148.333,153.333,1,7,1,30,0.0,0.20257695060844666,0.040625,0.75,0.3458333333333333,0.8629629629629629
2,control,153.333,158.333,1,8,1,31,0.0,0.2584968884633796,0.040625,0.75,0.3458333333333333,0.8629629629629629
2,control,158.333,163.333,1,9,1,32,0.0,0.26300647326780147,0.040625,0.75,0.3458333333333333,0.8629629629629629
2,control,163.333,168.333,1,10,1,33,0.0,0.2424969987995198,0.040625,0.75,0.3458333333333333,0.8629629629629629
2,control,168.333,173.333,1,11,1,34,0.0,0.23267086766844403,0.040625,0.75,0.3458333333333333,0.8629629629629629
2,control,173.333,178.333,1,12,1,35,0.0,0.23455574698498646,0.040625,0.75,0.3458333333333333,0.8629629629629629
2,control,178.333,183.333,1,13,1,36,0.0,0.23843156356551387,0.040625,0.75,0.3458333333333333,0.8629629629629629
2,control,183.333,188.333,1,14,6,37,0.0,0.18461538461538463,0.4947916666666667,0.587037037037037,0.9427083333333334,0.6981481481481482
2,control,188.333,193.333,1,15,1,38,0.0,0.19705521472392637,0.040625,0.75,0.3458333333333333,0.8629629629629629
2,control,193.333,198.333,1,16,1,39,0.0,0.21381658963755779,0.040625,0.75,0.3458333333333333,0.8629629629629629
2,control,198.333,203.333,1,17,1,40,0.0,0.2257749572858189,0.040625,0.75,0.3458333333333333,0.8629629629629629
2,control,203.333,206.666,1,18,1,41,0.0,0.19199706314243759,0.040625,0.75,0.3458333333333333,0.8629629629629629
2,control,206.666,211.666,2,0,2,42,0.0,0.26531608494020015,0.04375,0.8888888888888888,0.8947916666666667,0.9574074074074074
2,control,211.666,213.333,2,1,2,43,0.0,0.23048869438366157,0.04375,0.8888888888888888,0.8947916666666667,0.9574074074074074
2,control,213.333,218.333,3,0,2,44,0.0,0.2508499271491015,0.04375,0.8888888888888888,0.8947916666666667,0.9574074074074074
2,control,218.333,223.333,3,1,2,45,0.0,0.25561729886446,0.04375,0.8888888888888888,0.8947916666666667,0.9574074074074074
2,control,223.333,228.333,3,2,2,46,0.0,0.29239208204149775,0.04375,0.8888888888888888,0.8947916666666667,0.9574074074074074
2,control,228.333,233.333,3,3,2,47,0.0,0.261710556979725,0.04375,0.8888888888888888,0.8947916666666667,0.9574074074074074
2,control,233.333,238.333,3,4,2,48,0.0,0.22378277153558052,0.04375,0.8888888888888888,0.8947916666666667,0.9574074074074074
2,control,238.333,243.333,3,5,1,49,0.0,0.15747477118047407,0.042708333333333334,0.06666666666666667,0.5010416666666667,0.24259259259259258
2,control,243.333,248.333,3,6,2,50,0.0,0.19557984790874525,0.04375,0.8888888888888888,0.8947916666666667,0.9574074074074074
2,control,248.333,253.333,3,7,2,51,0.0,0.21789698552100642,0.04375,0.8888888888888888,0.8947916666666667,0.9574074074074074
2,control,253.333,258.333,3,8,2,52,0.0,0.2127558305568777,0.04375,0.8888888888888888,0.8947916666666667,0.9574074074074074
2,control,258.333,263.333,3,9,2,53,0.0,0.21037802301009625,0.04375,0.8888888888888888,0.8947916666666667,0.9574074074074074
2,control,263.333,268.333,3,10,2,54,0.0,0.2348930166940983,0.04375,0.8888888888888888,0.8947916666666667,0.9574074074074074
2,control,268.333,273.333,3,11,2,55,0.0,0.21499526963103122,0.04375,0.8888888888888888,0.8947916666666667,0.9574074074074074
2,control,273.333,278.333,3,12,2,56,0.0,0.2251655629139073,0.04375,0.8888888888888888,0.8947916666666667,0.9574074074074074
2,control,278.333,283.333,3,13,8,57,0.0,0.22904896421845575,0.4947916666666667,0.4388888888888889,0.671875,0.5962962962962963
2,control,283.333,288.333,3,14,8,58,0.0,0.22163461538461537,0.4947916666666667,0.4388888888888889,0.671875,0.5962962962962963
2,control,288.333,293.333,3,15,2,59,0.0,0.1968336483931947,0.04375,0.8888888888888888,0.8947916666666667,0.9574074074074074
2,control,293.333,298.333,3,16,2,60,0.0,0.2399435426958363,0.04375,0.8888888888888888,0.8947916666666667,0.9574074074074074
2,control,298.333,303.333,3,17,2,61,0.0,0.25011967448539973,0.04375,0.8888888888888888,0.8947916666666667,0.9574074074074074
2,control,303.333,308.333,3,18,2,62,0.0,0.23350131989440845,0.04375,0.8888888888888888,0.8947916666666667,0.9574074074074074
2,control,308.333,313.333,3,19,2,63,0.0,0.24048525214081826,0.04375,0.8888888888888888,0.8947916666666667,0.9574074074074074
2,control,313.333,318.333,3,20,2,64,0.0,0.3472222222222222,0.04375,0.8888888888888888,0.8947916666666667,0.9574074074074074
2,control,318.333,323.333,3,21,2,65,0.0,0.37580683719818314,0.04375,0.8888888888888888,0.8947916666666667,0.9574074074074074
2,feedback,0.0,5.0,0,1,3,66,0.0,0.3903345724907063,0.042708333333333334,0.06666666666666667,0.490625,0.2351851851851852
2,feedback,5.0,10.0,0,2,2,67,0.0,0.4647887323943662,0.041666666666666664,0.24444444444444444,0.9458333333333333,0.35185185185185186
2,feedback,10.0,15.0,0,3,2,68,0.0,0.3006413682522715,0.041666666666666664,0.24444444444444444,0.9458333333333333,0.35185185185185186
2,feedback,15.0,20.0,0,4,6,69,0.0,0.33342325330455896,0.3958333333333333,0.45740740740740743,0.753125,0.9648148148148148
2,feedback,20.0,25.0,0,5,6,70,0.0,0.2830503757305873,0.3958333333333333,0.45740740740740743,0.753125,0.9648148148148148
2,feedback,25.0,30.0,0,6,6,71,0.0,0.39755959137343927,0.3958333333333333,0.45740740740740743,0.753125,0.9648148148148148
2,feedback,30.0,35.0,0,7,2,72,0.0,0.2712197863968522,0.041666666666666664,0.24444444444444444,0.9458333333333333,0.35185185185185186
2,feedback,35.0,40.0,0,8,6,73,0.0,0.3146651270207852,0.3958333333333333,0.45740740740740743,0.753125,0.9648148148148148
2,feedback,40.0,45.0,0,9,6,74,0.0,0.27144502014968336,0.3958333333333333,0.45740740740740743,0.753125,0.9648148148148148
2,feedback,45.0,50.0,0,10,6,75,0.0,0.3843776341669008,0.3958333333333333,0.45740740740740743,0.753125,0.9648148148148148
2,feedback,50.0,55.0,0,11,6,76,0.0,0.39612425192362494,0.3958333333333333,0.45740740740740743,0.753125,0.9648148148148148
2,feedback,55.0,60.0,0,12,6,77,0.0,0.30028818443804034,0.3958333333333333,0.45740740740740743,0.753125,0.9648148148148148
2,feedback,60.0,65.0,0,13,6,78,0.0,0.30463386727688785,0.3958333333333333,0.45740740740740743,0.753125,0.9648148148148148
2,feedback,65.0,70.0,0,14,6,79,0.0,0.3749290981281906,0.3958333333333333,0.45740740740740743,0.753125,0.9648148148148148
2,feedback,70.0,75.0,0,15,6,80,0.0,0.3919954584161226,0.3958333333333333,0.45740740740740743,0.753125,0.9648148148148148
2,feedback,75.0,80.0,0,16,6,81,0.0,0.3606837606837607,0.3958333333333333,0.45740740740740743,0.753125,0.9648148148148148
2,feedback,80.0,85.0,0,17,6,82,0.0,0.33276643990929705,0.3958333333333333,0.45740740740740743,0.753125,0.9648148148148148
2,feedback,85.0,90.0,0,18,6,83,0.0,0.33248873873873874,0.3958333333333333,0.45740740740740743,0.753125,0.9648148148148148
2,feedback,90.0,95.0,0,19,6,84,0.0,0.3609383832673827,0.3958333333333333,0.45740740740740743,0.753125,0.9648148148148148
2,feedback,95.0,100.0,0,20,6,85,0.0,0.47533504419731964,0.3958333333333333,0.45740740740740743,0.753125,0.9648148148148148
2,feedback,100.0,105.0,0,21,6,86,0.0,0.4275092936802974,0.3958333333333333,0.45740740740740743,0.753125,0.9648148148148148
2,feedback,105.0,110.0,0,22,6,87,0.0,0.48862654765332564,0.3958333333333333,0.45740740740740743,0.753125,0.9648148148148148
2,feedback,110.0,113.333,0,23,6,88,0.0,0.424507658643326,0.3958333333333333,0.45740740740740743,0.753125,0.9648148148148148
2,feedback,113.333,118.333,1,0,2,89,0.0,0.23211169284467714,0.041666666666666664,0.3907407407407407,0.5427083333333333,0.45740740740740743
2,feedback,118.333,123.333,1,1,2,90,0.0,0.23363688104723962,0.041666666666666664,0.3907407407407407,0.5427083333333333,0.45740740740740743
2,feedback,123.333,128.333,1,2,2,91,0.0,0.23050259965337955,0.041666666666666664,0.3907407407407407,0.5427083333333333,0.45740740740740743
2,feedback,128.333,133.333,1,3,5,92,0.0,0.24460227272727272,0.49270833333333336,0.7296296296296296,0.7239583333333334,0.7962962962962963
2,feedback,133.333,138.333,1,4,2,93,0.0,0.21638776687824582,0.041666666666666664,0.3907407407407407,0.5427083333333333,0.45740740740740743
2,feedback,138.333,143.333,1,5,5,94,0.0,0.21070911722141825,0.49270833333333336,0.7296296296296296,0.7239583333333334,0.7962962962962963
2,feedback,143.333,148.333,1,6,2,95,0.0,0.2691970802919708,0.041666666666666664,0.3907407407407407,0.5427083333333333,0.45740740740740743
2,feedback,148.333,153.333,1,7,2,96,0.0,0.22904062229904926,0.041666666666666664,0.3907407407407407,0.5427083333333333,0.45740740740740743
2,feedback,153.333,158.333,1,8,6,97,0.0,0.2076878944348824,0.4947916666666667,0.587037037037037,0.9427083333333334,0.6981481481481482
2,feedback,158.333,163.333,1,9,2,98,0.0,0.20944972630365888,0.041666666666666664,0.3907407407407407,0.5427083333333333,0.45740740740740743
2,feedback,163.333,168.333,1,10,5,99,0.0,0.19913169319826338,0.49270833333333336,0.7296296296296296,0.7239583333333334,0.7962962962962963
2,feedback,168.333,173.333,1,11,4,100,0.0,0.21688500727802038,0.042708333333333334,0.5888888888888889,0.33125,0.7111111111111111
2,feedback,173.333,178.333,1,12,5,101,0.0,0.1914277439907327,0.49270833333333336,0.7296296296296296,0.7239583333333334,0.7962962962962963
2,feedback,178.333,183.333,1,13,7,102,0.0,0.16368876080691644,0.690625,0.22407407407407406,0.875,0.5277777777777778
2,feedback,183.333,188.333,1,14,3,103,0.0,0.1669545192861255,0.042708333333333334,0.06666666666666667,0.5010416666666667,0.2351851851851852
2,feedback,188.333,193.333,1,15,3,104,0.0,0.16362583260932523,0.042708333333333334,0.06666666666666667,0.5010416666666667,0.2351851851851852
2,feedback,193.333,198.333,1,16,5,105,0.0,0.19814331302581956,0.49270833333333336,0.7296296296296296,0.7239583333333334,0.7962962962962963
2,feedback,198.333,203.333,1,17,3,106,0.0,0.179173938336242,0.042708333333333334,0.06666666666666667,0.5010416666666667,0.2351851851851852
2,feedback,203.333,206.666,1,18,6,107,0.0,0.19449626865671643,0.4947916666666667,0.587037037037037,0.9427083333333334,0.6981481481481482
2,feedback,206.666,211.666,2,0,3,108,0.0,0.2237457151760673,0.04479166666666667,0.8,0.928125,0.8759259259259259
2,feedback,211.666,213.333,2,1,3,109,0.0,0.19758812615955473,0.04479166666666667,0.8,0.928125,0.8759259259259259
2,feedback,213.333,218.333,3,0,3,110,0.0,0.2137692549512732,0.04479166666666667,0.8,0.928125,0.8759259259259259
2,feedback,218.333,223.333,3,1,3,111,0.0,0.19797916008841174,0.04479166666666667,0.8,0.928125,0.8759259259259259
2,feedback,223.333,228.333,3,2,3,112,0.0,0.20832077178173047,0.04479166666666667,0.8,0.928125,0.8759259259259259
2,feedback,228.333,233.333,3,3,3,113,0.0,0.19186896753436677,0.04479166666666667,0.8,0.928125,0.8759259259259259
2,feedback,233.333,238.333,3,4,2,114,0.0,0.2120047309284447,0.04375,0.8888888888888888,0.8947916666666667,0.9574074074074074
2,feedback,238.333,243.333,3,5,3,115,0.0,0.2440991933074395,0.04479166666666667,0.8,0.928125,0.8759259259259259
2,feedback,243.333,248.333,3,6,3,116,0.0,0.2081620669406929,0.04479166666666667,0.8,0.928125,0.8759259259259259
2,feedback,248.333,253.333,3,7,2,117,0.0,0.2360540223135643,0.04375,0.8888888888888888,0.8947916666666667,0.9574074074074074
2,feedback,253.333,258.333,3,8,3,118,0.0,0.24720752498530277,0.04479166666666667,0.8,0.928125,0.8759259259259259
2,feedback,258.333,263.333,3,9,3,119,0.0,0.2964692150569011,0.04479166666666667,0.8,0.928125,0.8759259259259259
2,feedback,263.333,268.333,3,10,3,120,0.0,0.3181549379065642,0.04479166666666667,0.8,0.928125,0.8759259259259259
2,feedback,268.333,273.333,3,11,3,121,0.0,0.32180851063829785,0.04479166666666667,0.8,0.928125,0.8759259259259259
2,feedback,273.333,278.333,3,12,3,122,0.0,0.2805605247465713,0.04479166666666667,0.8,0.928125,0.8759259259259259
2,feedback,278.333,283.333,3,13,3,123,0.0,0.27510275983558424,0.04479166666666667,0.8,0.928125,0.8759259259259259
2,feedback,283.333,288.333,3,14,3,124,0.0,0.2800358637178721,0.04479166666666667,0.8,0.928125,0.8759259259259259
2,feedback,288.333,293.333,3,15,3,125,0.0,0.28394332939787487,0.04479166666666667,0.8,0.928125,0.8759259259259259
2,feedback,293.333,298.333,3,16,3,126,0.0,0.3057511737089202,0.04479166666666667,0.8,0.928125,0.8759259259259259
2,feedback,298.333,303.333,3,17,3,127,0.0,0.31655889794770875,0.04479166666666667,0.8,0.928125,0.8759259259259259
2,feedback,303.333,308.333,3,18,3,128,0.0,0.31162407254740315,0.04479166666666667,0.8,0.928125,0.8759259259259259
2,feedback,308.333,313.333,3,19,3,129,0.0,0.3032329988851728,0.04479166666666667,0.8,0.928125,0.8759259259259259
2,feedback,313.333,318.333,3,20,3,130,0.0,0.2964096854995825,0.04479166666666667,0.8,0.928125,0.8759259259259259
2,feedback,318.333,323.333,3,21,3,131,0.0,0.27893422148209823,0.04479166666666667,0.8,0.928125,0.8759259259259259
3,control,0.0,5.0,0,1,3,0,0.0,0.3962839711591791,0.04375,0.06851851851851852,0.55625,0.17407407407407408
3,control,5.0,10.0,0,2,3,1,0.0,0.48863325116406464,0.04375,0.06851851851851852,0.55625,0.17407407407407408
3,control,10.0,15.0,0,3,3,2,0.0,0.34296028880866425,0.04375,0.06851851851851852,0.55625,0.17407407407407408
3,control,15.0,20.0,0,4,2,3,0.0,0.2791864028977431,0.041666666666666664,0.40555555555555556,0.796875,0.524074074074074
3,control,20.0,25.0,0,5,5,4,0.0,0.3058659217877095,0.4041666666666667,0.6111111111111112,0.759375,0.9629629629629629
3,control,25.0,30.0,0,6,2,5,0.0,0.28428650749583567,0.041666666666666664,0.40555555555555556,0.796875,0.524074074074074
3,control,30.0,35.0,0,7,2,6,0.0,0.30130385487528344,0.041666666666666664,0.40555555555555556,0.796875,0.524074074074074
3,control,35.0,40.0,0,8,2,7,0.0,0.2967227635075288,0.041666666666666664,0.40555555555555556,0.796875,0.524074074074074
3,control,40.0,45.0,0,9,5,8,0.0,0.28790896159317214,0.4041666666666667,0.6111111111111112,0.759375,0.9629629629629629
3,control,45.0,50.0,0,10,1,9,0.0,0.2763921113689095,0.041666666666666664,0.24444444444444444,0.909375,0.35185185185185186
3,control,50.0,55.0,0,11,2,10,0.0,0.2659892408846384,0.041666666666666664,0.40555555555555556,0.796875,0.524074074074074
3,control,55.0,60.0,0,12,3,11,0.0,0.241588360109124,0.04375,0.06851851851851852,0.55625,0.17407407407407408
3,control,60.0,65.0,0,13,5,12,0.0,0.23685049410264583,0.4041666666666667,0.6111111111111112,0.759375,0.9629629629629629
3,control,65.0,70.0,0,14,5,13,0.0,0.27574441687344914,0.4041666666666667,0.6111111111111112,0.759375,0.9629629629629629
3,control,70.0,75.0,0,15,2,14,0.0,0.22261693309650682,0.041666666666666664,0.40555555555555556,0.796875,0.524074074074074
3,control,75.0,76.666,0,16,1,15,0.0,0.26943462897526504,0.041666666666666664,0.24444444444444444,0.909375,0.35185185185185186
3,control,76.666,81.666,1,0,1,16,0.0,0.266507319988049,0.041666666666666664,0.2962962962962963,0.871875,0.40370370370370373
3,control,81.666,86.666,1,1,3,17,0.0,0.22788285539963393,0.052083333333333336,0.4740740740740741,0.41770833333333335,0.8740740740740741
3,control,86.666,91.666,1,2,3,18,0.0,0.27406951707167027,0.052083333333333336,0.4740740740740741,0.41770833333333335,0.8740740740740741
3,control,91.666,96.666,1,3,1,19,0.0,0.2581761006289308,0.041666666666666664,0.2962962962962963,0.871875,0.40370370370370373
3,control,96.666,101.666,1,4,1,20,0.0,0.2916152897657213,0.041666666666666664,0.2962962962962963,0.871875,0.40370370370370373
3,control,101.666,106.666,1,5,1,21,0.0,0.27225972356155576,0.041666666666666664,0.2962962962962963,0.871875,0.40370370370370373
3,control,106.666,111.666,1,6,1,22,0.0,0.23690205011389523,0.041666666666666664,0.2962962962962963,0.871875,0.40370370370370373
3,control,111.666,116.666,1,7,1,23,0.0,0.27983274364747507,0.041666666666666664,0.2962962962962963,0.871875,0.40370370370370373
3,control,116.666,121.666,1,8,3,24,0.0,0.2644762524398178,0.052083333333333336,0.4740740740740741,0.41770833333333335,0.8740740740740741
3,control,121.666,126.666,1,9,3,25,0.0,0.28119687181230874,0.052083333333333336,0.4740740740740741,0.41770833333333335,0.8740740740740741
3,control,126.666,131.666,1,10,3,26,0.0,0.3223617237869019,0.052083333333333336,0.4740740740740741,0.41770833333333335,0.8740740740740741
3,control,131.666,136.666,1,11,3,27,0.0,0.3265982113282544,0.052083333333333336,0.4740740740740741,0.41770833333333335,0.8740740740740741
3,control,136.666,141.666,1,12,3,28,0.0,0.2714001327140013,0.052083333333333336,0.4740740740740741,0.41770833333333335,0.8740740740740741
3,control,141.666,146.666,1,13,3,29,0.0,0.2586092715231788,0.052083333333333336,0.4740740740740741,0.41770833333333335,0.8740740740740741
3,control,146.666,151.666,1,14,3,30,0.0,0.2650962176509622,0.052083333333333336,0.4740740740740741,0.41770833333333335,0.8740740740740741
3,control,151.666,156.666,1,15,3,31,0.0,0.2732385047965597,0.052083333333333336,0.4740740740740741,0.41770833333333335,0.8740740740740741
3,control,156.666,161.666,1,16,4,32,0.0,0.2850016627868307,0.46145833333333336,0.7925925925925926,0.8760416666666667,0.9629629629629629
3,control,161.666,166.666,1,17,4,33,0.0,0.2579575596816976,0.46145833333333336,0.7925925925925926,0.8760416666666667,0.9629629629629629
3,control,166.666,171.666,1,18,4,34,0.0,0.30218687872763417,0.46145833333333336,0.7925925925925926,0.8760416666666667,0.9629629629629629
3,control,171.666,176.666,1,19,4,35,0.0,0.28261594928261596,0.46145833333333336,0.7925925925925926,0.8760416666666667,0.9629629629629629
3,control,176.666,181.666,1,20,4,36,0.0,0.2775359892869099,0.46145833333333336,0.7925925925925926,0.8760416666666667,0.9629629629629629
3,control,181.666,186.666,1,21,4,37,0.0,0.21740591397849462,0.46145833333333336,0.7925925925925926,0.8760416666666667,0.9629629629629629
3,control,186.666,191.666,1,22,4,38,0.0,0.22450331125827813,0.46145833333333336,0.7925925925925926,0.8760416666666667,0.9629629629629629
3,control,191.666,196.666,1,23,4,39,0.0,0.2658355795148248,0.46145833333333336,0.7925925925925926,0.8760416666666667,0.9629629629629629
3,control,196.666,201.666,1,24,4,40,0.0,0.258603066439523,0.46145833333333336,0.7925925925925926,0.8760416666666667,0.9629629629629629
3,control,201.666,206.666,1,25,2,41,0.0,0.2793661729245608,0.04375,0.06851851851851852,0.55625,0.17407407407407408
3,control,206.666,211.666,1,26,4,42,0.0,0.31945820944829867,0.46145833333333336,0.7925925925925926,0.8760416666666667,0.9629629629629629
3,control,211.666,216.666,1,27,4,43,0.0,0.36303630363036304,0.46145833333333336,0.7925925925925926,0.8760416666666667,0.9629629629629629
3,control,216.666,221.666,1,28,4,44,0.0,0.2888292519288829,0.46145833333333336,0.7925925925925926,0.8760416666666667,0.9629629629629629
3,control,221.666,226.666,1,29,4,45,0.0,0.3522012578616352,0.46145833333333336,0.7925925925925926,0.8760416666666667,0.9629629629629629
3,control,226.666,231.666,1,30,4,46,0.0,0.25842696629213485,0.46145833333333336,0.7925925925925926,0.8760416666666667,0.9629629629629629
3,control,231.666,236.666,1,31,4,47,0.0,0.3071074380165289,0.46145833333333336,0.7925925925925926,0.8760416666666667,0.9629629629629629
3,control,236.666,241.666,1,32,4,48,0.0,0.2782004631161098,0.46145833333333336,0.7925925925925926,0.8760416666666667,0.9629629629629629
3,control,241.666,246.666,1,33,4,49,0.0,0.2715318869165023,0.46145833333333336,0.7925925925925926,0.8760416666666667,0.9629629629629629
3,control,246.666,250.0,1,34,4,50,0.0,0.2935153583617747,0.46145833333333336,0.7925925925925926,0.8760416666666667,0.9629629629629629
3,control,250.0,255.0,2,0,2,51,0.0,0.24613930034667508,0.041666666666666664,0.2962962962962963,0.9302083333333333,0.3962962962962963
3,control,255.0,260.0,2,1,2,52,0.0,0.28129074315514996,0.041666666666666664,0.2962962962962963,0.9302083333333333,0.3962962962962963
3,control,260.0,265.0,2,2,0,53,0.0,0.2633612363168062,0.03958333333333333,0.5166666666666667,0.4708333333333333,0.8555555555555555
3,control,265.0,270.0,2,3,2,54,0.0,0.20962634578847372,0.041666666666666664,0.2962962962962963,0.9302083333333333,0.3962962962962963
3,control,270.0,275.0,2,4,2,55,0.0,0.24338118022328548,0.041666666666666664,0.2962962962962963,0.9302083333333333,0.3962962962962963
3,control,275.0,280.0,2,5,2,56,0.0,0.2652677732539931,0.041666666666666664,0.2962962962962963,0.9302083333333333,0.3962962962962963
3,control,280.0,285.0,2,6,0,57,0.0,0.31124187054815733,0.03958333333333333,0.5166666666666667,0.4708333333333333,0.8555555555555555
3,control,285.0,290.0,2,7,0,58,0.0,0.2397003745318352,0.03958333333333333,0.5166666666666667,0.4708333333333333,0.8555555555555555
3,control,290.0,295.0,2,8,0,59,0.0,0.3041547732318427,0.03958333333333333,0.5166666666666667,0.4708333333333333,0.8555555555555555
3,control,295.0,300.0,2,9,0,60,0.0,0.3151115300031417,0.03958333333333333,0.5166666666666667,0.4708333333333333,0.8555555555555555
3,control,300.0,305.0,2,10,0,61,0.0,0.30447284345047926,0.03958333333333333,0.5166666666666667,0.4708333333333333,0.8555555555555555
3,control,305.0,310.0,2,11,0,62,0.0,0.2781667727562062,0.03958333333333333,0.5166666666666667,0.4708333333333333,0.8555555555555555
3,control,310.0,315.0,2,12,0,63,0.0,0.3084141382546137,0.03958333333333333,0.5166666666666667,0.4708333333333333,0.8555555555555555
3,control,315.0,320.0,2,13,0,64,0.0,0.31543624161073824,0.03958333333333333,0.5166666666666667,0.4708333333333333,0.8555555555555555
3,control,320.0,325.0,2,14,0,65,0.0,0.2956216043464366,0.03958333333333333,0.5166666666666667,0.4708333333333333,0.8555555555555555
3,control,325.0,330.0,2,15,0,66,0.0,0.29938570966698996,0.03958333333333333,0.5166666666666667,0.4708333333333333,0.8555555555555555
3,control,330.0,335.0,2,16,0,67,0.0,0.3141935483870968,0.03958333333333333,0.5166666666666667,0.4708333333333333,0.8555555555555555
3,control,335.0,340.0,2,17,0,68,0.0,0.30103359173126615,0.03958333333333333,0.5166666666666667,0.4708333333333333,0.8555555555555555
3,feedback,0.0,5.0,0,1,3,69,0.0,0.541788999804267,0.04375,0.06851851851851852,0.55625,0.17407407407407408
3,feedback,5.0,10.0,0,2,3,70,0.0,0.5460267505900865,0.04375,0.06851851851851852,0.55625,0.17407407407407408
3,feedback,10.0,15.0,0,3,3,71,0.0,0.29573885848319,0.04375,0.06851851851851852,0.55625,0.17407407407407408
3,feedback,15.0,20.0,0,4,5,72,0.0,0.4344935471255377,0.4041666666666667,0.6111111111111112,0.759375,0.9629629629629629
3,feedback,20.0,25.0,0,5,2,73,0.0,0.32221125370187564,0.041666666666666664,0.40555555555555556,0.796875,0.524074074074074
3,feedback,25.0,30.0,0,6,2,74,0.0,0.356554908652881,0.041666666666666664,0.40555555555555556,0.796875,0.524074074074074
3,feedback,30.0,35.0,0,7,2,75,0.0,0.3401872964169381,0.041666666666666664,0.40555555555555556,0.796875,0.524074074074074
3,feedback,35.0,40.0,0,8,2,76,0.0,0.2605042016806723,0.041666666666666664,0.40555555555555556,0.796875,0.524074074074074
3,feedback,40.0,45.0,0,9,2,77,0.0,0.26381104883907125,0.041666666666666664,0.40555555555555556,0.796875,0.524074074074074
3,feedback,45.0,50.0,0,10,2,78,0.0,0.27928828468612554,0.041666666666666664,0.40555555555555556,0.796875,0.524074074074074
3,feedback,50.0,55.0,0,11,2,79,0.0,0.3216457235508715,0.041666666666666664,0.40555555555555556,0.796875,0.524074074074074
3,feedback,55.0,60.0,0,12,2,80,0.0,0.2732041969330105,0.041666666666666664,0.40555555555555556,0.796875,0.524074074074074
3,feedback,60.0,65.0,0,13,2,81,0.0,0.30494450050454086,0.041666666666666664,0.40555555555555556,0.796875,0.524074074074074
3,feedback,65.0,70.0,0,14,5,82,0.0,0.34134615384615385,0.4041666666666667,0.6111111111111112,0.759375,0.9629629629629629
3,feedback,70.0,75.0,0,15,5,83,0.0,0.4320543565147882,0.4041666666666667,0.6111111111111112,0.759375,0.9629629629629629
3,feedback,75.0,76.666,0,16,5,84,0.0,0.4013277006638503,0.4041666666666667,0.6111111111111112,0.759375,0.9629629629629629
3,feedback,76.666,81.666,1,0,4,85,0.0,0.2633892885691447,0.46145833333333336,0.7925925925925926,0.8760416666666667,0.9629629629629629
3,feedback,81.666,86.666,1,1,4,86,0.0,0.33373445647813876,0.46145833333333336,0.7925925925925926,0.8760416666666667,0.9629629629629629
3,feedback,86.666,91.666,1,2,4,87,0.0,0.2971565879054866,0.46145833333333336,0.7925925925925926,0.8760416666666667,0.9629629629629629
3,feedback,91.666,96.666,1,3,4,88,0.0,0.26440677966101694,0.46145833333333336,0.7925925925925926,0.8760416666666667,0.9629629629629629
3,feedback,96.666,101.666,1,4,4,89,0.0,0.31710765501918803,0.46145833333333336,0.7925925925925926,0.8760416666666667,0.9629629629629629
3,feedback,101.666,106.666,1,5,1,90,0.0,0.27221324717285944,0.041666666666666664,0.2962962962962963,0.871875,0.40370370370370373
3,feedback,106.666,111.666,1,6,1,91,0.0,0.25409998024105906,0.041666666666666664,0.2962962962962963,0.871875,0.40370370370370373
3,feedback,111.666,116.666,1,7,1,92,0.0,0.2938938938938939,0.041666666666666664,0.2962962962962963,0.871875,0.40370370370370373
3,feedback,116.666,121.666,1,8,1,93,0.0,0.2642828605673192,0.041666666666666664,0.2962962962962963,0.871875,0.40370370370370373
3,feedback,121.666,126.666,1,9,3,94,0.0,0.3137293860520564,0.052083333333333336,0.4740740740740741,0.41770833333333335,0.8740740740740741
3,feedback,126.666,131.666,1,10,3,95,0.0,0.3458676855017092,0.052083333333333336,0.4740740740740741,0.41770833333333335,0.8740740740740741
3,feedback,131.666,136.666,1,11,3,96,0.0,0.3176845036801273,0.052083333333333336,0.4740740740740741,0.41770833333333335,0.8740740740740741
3,feedback,136.666,141.666,1,12,4,97,0.0,0.33393249450768925,0.46145833333333336,0.7925925925925926,0.8760416666666667,0.9629629629629629
3,feedback,141.666,146.666,1,13,4,98,0.0,0.4229312063808574,0.46145833333333336,0.7925925925925926,0.8760416666666667,0.9629629629629629
3,feedback,146.666,151.666,1,14,4,99,0.0,0.36432865731462927,0.46145833333333336,0.7925925925925926,0.8760416666666667,0.9629629629629629
3,feedback,151.666,156.666,1,15,4,100,0.0,0.4290560766314109,0.46145833333333336,0.7925925925925926,0.8760416666666667,0.9629629629629629
3,feedback,156.666,161.666,1,16,4,101,0.0,0.3988369761379587,0.46145833333333336,0.7925925925925926,0.8760416666666667,0.9629629629629629
3,feedback,161.666,166.666,1,17,4,102,0.0,0.33360373149462585,0.46145833333333336,0.7925925925925926,0.8760416666666667,0.9629629629629629
3,feedback,166.666,171.666,1,18,4,103,0.0,0.3678114204429994,0.46145833333333336,0.7925925925925926,0.8760416666666667,0.9629629629629629
3,feedback,171.666,176.666,1,19,4,104,0.0,0.3501199040767386,0.46145833333333336,0.7925925925925926,0.8760416666666667,0.9629629629629629
3,feedback,176.666,181.666,1,20,4,105,0.0,0.3692122669873722,0.46145833333333336,0.7925925925925926,0.8760416666666667,0.9629629629629629
3,feedback,181.666,186.666,1,21,4,106,0.0,0.39532560926887733,0.46145833333333336,0.7925925925925926,0.8760416666666667,0.9629629629629629
3,feedback,186.666,191.666,1,22,4,107,0.0,0.36223974125732766,0.46145833333333336,0.7925925925925926,0.8760416666666667,0.9629629629629629
3,feedback,191.666,196.666,1,23,4,108,0.0,0.2597008892481811,0.46145833333333336,0.7925925925925926,0.8760416666666667,0.9629629629629629
3,feedback,196.666,201.666,1,24,4,109,0.0,0.31958970233306516,0.46145833333333336,0.7925925925925926,0.8760416666666667,0.9629629629629629
3,feedback,201.666,206.666,1,25,4,110,0.0,0.40028519046649014,0.46145833333333336,0.7925925925925926,0.8760416666666667,0.9629629629629629
3,feedback,206.666,211.666,1,26,4,111,0.0,0.3613732182292712,0.46145833333333336,0.7925925925925926,0.8760416666666667,0.9629629629629629
3,feedback,211.666,216.666,1,27,4,112,0.0,0.35712845331720106,0.46145833333333336,0.7925925925925926,0.8760416666666667,0.9629629629629629
3,feedback,216.666,221.666,1,28,4,113,0.0,0.3129251700680272,0.46145833333333336,0.7925925925925926,0.8760416666666667,0.9629629629629629
3,feedback,221.666,226.666,1,29,4,114,0.0,0.325,0.46145833333333336,0.7925925925925926,0.8760416666666667,0.9629629629629629
3,feedback,226.666,231.666,1,30,4,115,0.0,0.2992347966169956,0.46145833333333336,0.7925925925925926,0.8760416666666667,0.9629629629629629
3,feedback,231.666,236.666,1,31,4,116,0.0,0.2974888618874038,0.46145833333333336,0.7925925925925926,0.8760416666666667,0.9629629629629629
3,feedback,236.666,241.666,1,32,4,117,0.0,0.2787385554425229,0.46145833333333336,0.7925925925925926,0.8760416666666667,0.9629629629629629
3,feedback,241.666,246.666,1,33,4,118,0.0,0.29308252427184467,0.46145833333333336,0.7925925925925926,0.8760416666666667,0.9629629629629629
3,feedback,246.666,250.0,1,34,4,119,0.0,0.31161647203441917,0.46145833333333336,0.7925925925925926,0.8760416666666667,0.9629629629629629
3,feedback,250.0,255.0,2,0,0,120,0.0,0.2762158834393597,0.03958333333333333,0.5166666666666667,0.4708333333333333,0.8555555555555555
3,feedback,255.0,260.0,2,1,0,121,0.0,0.27726995734308346,0.03958333333333333,0.5166666666666667,0.4708333333333333,0.8555555555555555
3,feedback,260.0,265.0,2,2,0,122,0.0,0.330226904376013,0.03958333333333333,0.5166666666666667,0.4708333333333333,0.8555555555555555
3,feedback,265.0,270.0,2,3,0,123,0.0,0.28858243763942404,0.03958333333333333,0.5166666666666667,0.4708333333333333,0.8555555555555555
3,feedback,270.0,275.0,2,4,0,124,0.0,0.2465642683912692,0.03958333333333333,0.5166666666666667,0.4708333333333333,0.8555555555555555
3,feedback,275.0,280.0,2,5,0,125,0.0,0.308684263550272,0.03958333333333333,0.5166666666666667,0.4708333333333333,0.8555555555555555
3,feedback,280.0,285.0,2,6,0,126,0.0,0.3728504956504147,0.03958333333333333,0.5166666666666667,0.4708333333333333,0.8555555555555555
3,feedback,285.0,290.0,2,7,0,127,0.0,0.2930538429921907,0.03958333333333333,0.5166666666666667,0.4708333333333333,0.8555555555555555
3,feedback,290.0,295.0,2,8,0,128,0.0,0.33885142039648475,0.03958333333333333,0.5166666666666667,0.4708333333333333,0.8555555555555555
3,feedback,295.0,300.0,2,9,0,129,0.0,0.3771858479056527,0.03958333333333333,0.5166666666666667,0.4708333333333333,0.8555555555555555
3,feedback,300.0,305.0,2,10,0,130,0.0,0.35454360642406996,0.03958333333333333,0.5166666666666667,0.4708333333333333,0.8555555555555555
3,feedback,305.0,310.0,2,11,0,131,0.0,0.4465703236311826,0.03958333333333333,0.5166666666666667,0.4708333333333333,0.8555555555555555
3,feedback,310.0,315.0,2,12,0,132,0.0,0.4368231046931408,0.03958333333333333,0.5166666666666667,0.4708333333333333,0.8555555555555555
3,feedback,315.0,320.0,2,13,0,133,0.0,0.46123384743643187,0.03958333333333333,0.5166666666666667,0.4708333333333333,0.8555555555555555
3,feedback,320.0,325.0,2,14,0,134,0.0,0.42283384301732924,0.03958333333333333,0.5166666666666667,0.4708333333333333,0.8555555555555555
3,feedback,325.0,330.0,2,15,0,135,0.0,0.40231990231990233,0.03958333333333333,0.5166666666666667,0.4708333333333333,0.8555555555555555
3,feedback,330.0,335.0,2,16,0,136,0.0,0.4202810018326206,0.03958333333333333,0.5166666666666667,0.4708333333333333,0.8555555555555555
3,feedback,335.0,340.0,2,17,0,137,0.0,0.3120928338762215,0.03958333333333333,0.5166666666666667,0.4708333333333333,0.8555555555555555
4,control,0.0,3.333,0,1,2,0,0.0,0.2836310608822457,0.042708333333333334,0.06666666666666667,0.4083333333333333,0.17222222222222222
4,control,3.333,8.333,1,0,2,1,0.0,0.5299356754082137,0.042708333333333334,0.06666666666666667,0.4083333333333333,0.17222222222222222
4,control,8.333,13.333,1,1,5,2,0.0,0.4342857142857143,0.5125,0.29074074074074074,0.8010416666666667,0.6314814814814815
4,control,13.333,18.333,1,2,5,3,0.0,0.2727724000992802,0.5125,0.29074074074074074,0.8010416666666667,0.6314814814814815
4,control,18.333,23.333,1,3,1,4,0.0,0.3433962264150943,0.041666666666666664,0.3851851851851852,0.35833333333333334,0.7129629629629629
4,control,23.333,28.333,1,4,1,5,0.0,0.2774327122153209,0.041666666666666664,0.3851851851851852,0.35833333333333334,0.7129629629629629
4,control,28.333,33.333,1,5,1,6,0.0,0.3168521874191043,0.041666666666666664,0.3851851851851852,0.35833333333333334,0.7129629629629629
4,control,33.333,33.333,1,6,0,7,0,0,0.041666666666666664,0.1685185185185185,0.3625,0.24259259259259258
4,control,33.333,36.666,2,0,1,8,0.0,0.19134577213179832,0.08645833333333333,0.6481481481481481,0.2520833333333333,0.8592592592592593
4,control,36.666,41.666,3,0,4,9,0.0,0.3330741316744427,0.4375,0.6092592592592593,0.9052083333333333,0.9074074074074074
4,control,41.666,46.666,3,1,4,10,0.0,0.29063146997929606,0.4375,0.6092592592592593,0.9052083333333333,0.9074074074074074
4,control,46.666,51.666,3,2,4,11,0.0,0.30246452576549665,0.4375,0.6092592592592593,0.9052083333333333,0.9074074074074074
4,control,51.666,56.666,3,3,4,12,0.0,0.25237381309345325,0.4375,0.6092592592592593,0.9052083333333333,0.9074074074074074
4,control,56.666,61.666,3,4,4,13,0.0,0.34937027707808566,0.4375,0.6092592592592593,0.9052083333333333,0.9074074074074074
4,control,61.666,66.666,3,5,4,14,0.0,0.25131414267834795,0.4375,0.6092592592592593,0.9052083333333333,0.9074074074074074
4,control,66.666,71.666,3,6,4,15,0.0,0.24830869456276622,0.4375,0.6092592592592593,0.9052083333333333,0.9074074074074074
4,control,71.666,76.666,3,7,4,16,0.0,0.3473815461346633,0.4375,0.6092592592592593,0.9052083333333333,0.9074074074074074
4,control,76.666,81.666,3,8,4,17,0.0,0.33675513269904855,0.4375,0.6092592592592593,0.9052083333333333,0.9074074074074074
4,control,81.666,86.666,3,9,4,18,0.0,0.3804511278195489,0.4375,0.6092592592592593,0.9052083333333333,0.9074074074074074
4,control,86.666,91.666,3,10,4,19,0.0,0.3211281543790203,0.4375,0.6092592592592593,0.9052083333333333,0.9074074074074074
4,control,91.666,96.666,3,11,4,20,0.0,0.3221476510067114,0.4375,0.6092592592592593,0.9052083333333333,0.9074074074074074
4,control,96.666,101.666,3,12,4,21,0.0,0.33383800151400456,0.4375,0.6092592592592593,0.9052083333333333,0.9074074074074074
4,control,101.666,106.666,3,13,4,22,0.0,0.3506656618939965,0.4375,0.6092592592592593,0.9052083333333333,0.9074074074074074
4,control,106.666,111.666,3,14,4,23,0.0,0.3961928934010152,0.4375,0.6092592592592593,0.9052083333333333,0.9074074074074074
4,control,111.666,116.666,3,15,4,24,0.0,0.3830603889457523,0.4375,0.6092592592592593,0.9052083333333333,0.9074074074074074
4,control,116.666,121.666,3,16,4,25,0.0,0.4576923076923077,0.4375,0.6092592592592593,0.9052083333333333,0.9074074074074074
4,control,121.666,126.666,3,17,4,26,0.0,0.4510453850076492,0.4375,0.6092592592592593,0.9052083333333333,0.9074074074074074
4,control,126.666,131.666,3,18,4,27,0.0,0.4471042471042471,0.4375,0.6092592592592593,0.9052083333333333,0.9074074074074074
4,control,131.666,136.666,3,19,4,28,0.0,0.4155251141552511,0.4375,0.6092592592592593,0.9052083333333333,0.9074074074074074
4,control,136.666,141.666,3,20,4,29,0.0,0.4098903900076472,0.4375,0.6092592592592593,0.9052083333333333,0.9074074074074074
4,control,141.666,146.666,3,21,4,30,0.0,0.4203415753250064,0.4375,0.6092592592592593,0.9052083333333333,0.9074074074074074
4,control,146.666,151.666,3,22,4,31,0.0,0.43070582174137045,0.4375,0.6092592592592593,0.9052083333333333,0.9074074074074074
4,control,151.666,156.666,3,23,4,32,0.0,0.48374613003095973,0.4375,0.6092592592592593,0.9052083333333333,0.9074074074074074
4,control,156.666,161.666,3,24,4,33,0.0,0.4770056208482371,0.4375,0.6092592592592593,0.9052083333333333,0.9074074074074074
4,control,161.666,166.666,3,25,4,34,0.0,0.46593518754784385,0.4375,0.6092592592592593,0.9052083333333333,0.9074074074074074
4,control,166.666,171.666,3,26,4,35,0.0,0.44129763130793,0.4375,0.6092592592592593,0.9052083333333333,0.9074074074074074
4,control,171.666,176.666,3,27,4,36,0.0,0.4684402712571727,0.4375,0.6092592592592593,0.9052083333333333,0.9074074074074074
4,control,176.666,180.0,4,0,3,37,0.0,0.304972804972805,0.43645833333333334,0.5018518518518519,0.9072916666666667,0.9111111111111111
4,control,180.0,185.0,5,0,7,38,0.0,0.2783901563701615,0.653125,0.4666666666666667,0.8958333333333334,0.7611111111111111
4,control,185.0,186.666,5,1,7,39,0.0,0.2945258288357749,0.653125,0.4666666666666667,0.8958333333333334,0.7611111111111111
4,control,186.666,191.666,6,0,7,40,0.0,0.28904249871991805,0.653125,0.4666666666666667,0.8958333333333334,0.7611111111111111
4,control,191.666,196.666,6,1,7,41,0.0,0.22561135945306338,0.653125,0.4666666666666667,0.8958333333333334,0.7611111111111111
4,control,196.666,201.666,7,0,0,42,0.0,0.26193548387096777,0.041666666666666664,0.06666666666666667,0.4083333333333333,0.2351851851851852
4,control,201.666,206.666,7,1,1,43,0.0,0.27220026350461135,0.05625,0.46111111111111114,0.43645833333333334,0.7574074074074074
4,control,206.666,211.666,7,2,1,44,0.0,0.2680279141897131,0.05625,0.46111111111111114,0.43645833333333334,0.7574074074074074
4,control,211.666,216.666,7,3,1,45,0.0,0.3390644753476612,0.05625,0.46111111111111114,0.43645833333333334,0.7574074074074074
4,control,216.666,221.666,7,4,1,46,0.0,0.3227607206292819,0.05625,0.46111111111111114,0.43645833333333334,0.7574074074074074
4,control,221.666,226.666,7,5,1,47,0.0,0.32545454545454544,0.05625,0.46111111111111114,0.43645833333333334,0.7574074074074074
4,control,226.666,231.666,7,6,1,48,0.0,0.33653596468449753,0.05625,0.46111111111111114,0.43645833333333334,0.7574074074074074
4,control,231.666,236.666,7,7,1,49,0.0,0.3517796830345544,0.05625,0.46111111111111114,0.43645833333333334,0.7574074074074074
4,control,236.666,241.666,7,8,1,50,0.0,0.3211716341212744,0.05625,0.46111111111111114,0.43645833333333334,0.7574074074074074
4,control,241.666,243.333,7,9,1,51,0.0,0.3038842345773039,0.05625,0.46111111111111114,0.43645833333333334,0.7574074074074074
4,control,243.333,246.666,8,0,3,52,0.0,0.20272830617658205,0.24791666666666667,0.46296296296296297,0.43645833333333334,0.7574074074074074
4,control,246.666,251.666,9,0,3,53,0.0,0.33903061224489794,0.5083333333333333,0.3074074074074074,0.7260416666666667,0.8074074074074075
4,control,251.666,253.333,9,1,2,54,0.0,0.31470137825421135,0.27291666666666664,0.2962962962962963,0.496875,0.8203703703703704
4,control,253.333,258.333,10,0,3,55,0.0,0.28187225239203517,0.5083333333333333,0.3037037037037037,0.7260416666666667,0.8185185185185185
4,control,258.333,263.333,10,1,2,56,0.0,0.29989631933644373,0.27291666666666664,0.2962962962962963,0.4979166666666667,0.8203703703703704
4,control,263.333,268.333,10,2,3,57,0.0,0.36798764796706124,0.5083333333333333,0.3037037037037037,0.7260416666666667,0.8185185185185185
4,control,268.333,273.333,10,3,3,58,0.0,0.3391082802547771,0.5083333333333333,0.3037037037037037,0.7260416666666667,0.8185185185185185
4,control,273.333,278.333,10,4,3,59,0.0,0.3612551159618008,0.5083333333333333,0.3037037037037037,0.7260416666666667,0.8185185185185185
4,control,278.333,283.333,10,5,3,60,0.0,0.3361231101511879,0.5083333333333333,0.3037037037037037,0.7260416666666667,0.8185185185185185
4,control,283.333,288.333,10,6,2,61,0.0,0.2905600841440968,0.27291666666666664,0.2962962962962963,0.4979166666666667,0.8203703703703704
4,control,288.333,293.333,10,7,0,62,0.0,0.28389610389610387,0.040625,0.2962962962962963,0.26458333333333334,0.8203703703703704
4,feedback,0.0,3.333,0,1,2,63,0.0,0.361733382298935,0.042708333333333334,0.06666666666666667,0.4083333333333333,0.17222222222222222
4,feedback,3.333,8.333,1,0,2,64,0.0,0.4095238095238095,0.042708333333333334,0.06666666666666667,0.4083333333333333,0.17222222222222222
4,feedback,8.333,13.333,1,1,5,65,0.0,0.48375363724539283,0.5125,0.29074074074074074,0.8010416666666667,0.6314814814814815
4,feedback,13.333,18.333,1,2,5,66,0.0,0.2691086691086691,0.5125,0.29074074074074074,0.8010416666666667,0.6314814814814815
4,feedback,18.333,23.333,1,3,1,67,0.0,0.36395759717314485,0.041666666666666664,0.3851851851851852,0.35833333333333334,0.7129629629629629
4,feedback,23.333,28.333,1,4,1,68,0.0,0.26648073022312374,0.041666666666666664,0.3851851851851852,0.35833333333333334,0.7129629629629629
4,feedback,28.333,33.333,1,5,1,69,0.0,0.40096864644404795,0.041666666666666664,0.3851851851851852,0.35833333333333334,0.7129629629629629
4,feedback,33.333,33.333,1,6,0,70,0,0,0.041666666666666664,0.1685185185185185,0.3625,0.24259259259259258
4,feedback,33.333,36.666,2,0,1,71,0.0,0.17686819376642884,0.08645833333333333,0.6481481481481481,0.2520833333333333,0.8592592592592593
4,feedback,36.666,41.666,3,0,4,72,0.0,0.27270395074397125,0.4375,0.6092592592592593,0.9052083333333333,0.9074074074074074
4,feedback,41.666,46.666,3,1,4,73,0.0,0.3304568527918782,0.4375,0.6092592592592593,0.9052083333333333,0.9074074074074074
4,feedback,46.666,51.666,3,2,4,74,0.0,0.3499238191975622,0.4375,0.6092592592592593,0.9052083333333333,0.9074074074074074
4,feedback,51.666,56.666,3,3,4,75,0.0,0.3020725388601036,0.4375,0.6092592592592593,0.9052083333333333,0.9074074074074074
4,feedback,56.666,61.666,3,4,4,76,0.0,0.3994399185336049,0.4375,0.6092592592592593,0.9052083333333333,0.9074074074074074
4,feedback,61.666,66.666,3,5,4,77,0.0,0.3047808764940239,0.4375,0.6092592592592593,0.9052083333333333,0.9074074074074074
4,feedback,66.666,71.666,3,6,4,78,0.0,0.30574366691748184,0.4375,0.6092592592592593,0.9052083333333333,0.9074074074074074
4,feedback,71.666,76.666,3,7,4,79,0.0,0.36914947156517364,0.4375,0.6092592592592593,0.9052083333333333,0.9074074074074074
4,feedback,76.666,81.666,3,8,4,80,0.0,0.39590268886043534,0.4375,0.6092592592592593,0.9052083333333333,0.9074074074074074
4,feedback,81.666,86.666,3,9,4,81,0.0,0.3755748594787941,0.4375,0.6092592592592593,0.9052083333333333,0.9074074074074074
4,feedback,86.666,91.666,3,10,4,82,0.0,0.3968172484599589,0.4375,0.6092592592592593,0.9052083333333333,0.9074074074074074
4,feedback,91.666,96.666,3,11,4,83,0.0,0.37890724269377385,0.4375,0.6092592592592593,0.9052083333333333,0.9074074074074074
4,feedback,96.666,101.666,3,12,4,84,0.0,0.39020010261672655,0.4375,0.6092592592592593,0.9052083333333333,0.9074074074074074
4,feedback,101.666,106.666,3,13,4,85,0.0,0.42375031717838113,0.4375,0.6092592592592593,0.9052083333333333,0.9074074074074074
4,feedback,106.666,111.666,3,14,4,86,0.0,0.3365408964294758,0.4375,0.6092592592592593,0.9052083333333333,0.9074074074074074
4,feedback,111.666,116.666,3,15,4,87,0.0,0.3699186991869919,0.4375,0.6092592592592593,0.9052083333333333,0.9074074074074074
4,feedback,116.666,121.666,3,16,4,88,0.0,0.38096446700507614,0.4375,0.6092592592592593,0.9052083333333333,0.9074074074074074
4,feedback,121.666,126.666,3,17,4,89,0.0,0.44170854271356785,0.4375,0.6092592592592593,0.9052083333333333,0.9074074074074074
4,feedback,126.666,131.666,3,18,4,90,0.0,0.39161554192229037,0.4375,0.6092592592592593,0.9052083333333333,0.9074074074074074
4,feedback,131.666,136.666,3,19,4,91,0.0,0.4772666843924488,0.4375,0.6092592592592593,0.9052083333333333,0.9074074074074074
4,feedback,136.666,141.666,3,20,4,92,0.0,0.49266862170087977,0.4375,0.6092592592592593,0.9052083333333333,0.9074074074074074
4,feedback,141.666,146.666,3,21,4,93,0.0,0.49909255898366606,0.4375,0.6092592592592593,0.9052083333333333,0.9074074074074074
4,feedback,146.666,151.666,3,22,4,94,0.0,0.4755750840010339,0.4375,0.6092592592592593,0.9052083333333333,0.9074074074074074
4,feedback,151.666,156.666,3,23,4,95,0.0,0.46799173980382036,0.4375,0.6092592592592593,0.9052083333333333,0.9074074074074074
4,feedback,156.666,161.666,3,24,4,96,0.0,0.4683053040103493,0.4375,0.6092592592592593,0.9052083333333333,0.9074074074074074
4,feedback,161.666,166.666,3,25,4,97,0.0,0.5093555093555093,0.4375,0.6092592592592593,0.9052083333333333,0.9074074074074074
4,feedback,166.666,171.666,3,26,4,98,0.0,0.4769874476987448,0.4375,0.6092592592592593,0.9052083333333333,0.9074074074074074
4,feedback,171.666,176.666,3,27,4,99,0.0,0.46276874672260093,0.4375,0.6092592592592593,0.9052083333333333,0.9074074074074074
4,feedback,176.666,180.0,4,0,3,100,0.0,0.3123040752351097,0.43645833333333334,0.5018518518518519,0.9072916666666667,0.9111111111111111
4,feedback,180.0,185.0,5,0,7,101,0.0,0.3166488222698073,0.653125,0.4666666666666667,0.8958333333333334,0.7611111111111111
4,feedback,185.0,186.666,5,1,7,102,0.0,0.28502415458937197,0.653125,0.4666666666666667,0.8958333333333334,0.7611111111111111
4,feedback,186.666,191.666,6,0,7,103,0.0,0.24493062966915688,0.653125,0.4666666666666667,0.8958333333333334,0.7611111111111111
4,feedback,191.666,196.666,6,1,7,104,0.0,0.2733812949640288,0.653125,0.4666666666666667,0.8958333333333334,0.7611111111111111
4,feedback,196.666,201.666,7,0,4,105,0.0,0.2662180349932705,0.43854166666666666,0.4666666666666667,0.6479166666666667,0.75
4,feedback,201.666,206.666,7,1,1,106,0.0,0.26481681034482757,0.05625,0.46111111111111114,0.43645833333333334,0.7574074074074074
4,feedback,206.666,211.666,7,2,1,107,0.0,0.29843918191603874,0.05625,0.46111111111111114,0.43645833333333334,0.7574074074074074
4,feedback,211.666,216.666,7,3,1,108,0.0,0.26930171277997367,0.05625,0.46111111111111114,0.43645833333333334,0.7574074074074074
4,feedback,216.666,221.666,7,4,1,109,0.0,0.2839473684210526,0.05625,0.46111111111111114,0.43645833333333334,0.7574074074074074
4,feedback,221.666,226.666,7,5,1,110,0.0,0.36173549398849975,0.05625,0.46111111111111114,0.43645833333333334,0.7574074074074074
4,feedback,226.666,231.666,7,6,1,111,0.0,0.38371488033298645,0.05625,0.46111111111111114,0.43645833333333334,0.7574074074074074
4,feedback,231.666,236.666,7,7,1,112,0.0,0.29203071220545407,0.05625,0.46111111111111114,0.43645833333333334,0.7574074074074074
4,feedback,236.666,241.666,7,8,1,113,0.0,0.2893561103810775,0.05625,0.46111111111111114,0.43645833333333334,0.7574074074074074
4,feedback,241.666,243.333,7,9,6,114,0.0,0.23426838514025777,0.653125,0.4666666666666667,0.8958333333333334,0.7611111111111111
4,feedback,243.333,246.666,8,0,7,115,0.0,0.25531077891424075,0.653125,0.4666666666666667,0.8958333333333334,0.7611111111111111
4,feedback,246.666,251.666,9,0,3,116,0.0,0.3655083655083655,0.5083333333333333,0.3074074074074074,0.7260416666666667,0.8074074074074075
4,feedback,251.666,253.333,9,1,3,117,0.0,0.4301242236024845,0.5083333333333333,0.3074074074074074,0.7260416666666667,0.8074074074074075
4,feedback,253.333,258.333,10,0,3,118,0.0,0.3597385620915033,0.5083333333333333,0.3037037037037037,0.7260416666666667,0.8185185185185185
4,feedback,258.333,263.333,10,1,3,119,0.0,0.40184696569920847,0.5083333333333333,0.3037037037037037,0.7260416666666667,0.8185185185185185
4,feedback,263.333,268.333,10,2,3,120,0.0,0.38518722466960353,0.5083333333333333,0.3037037037037037,0.7260416666666667,0.8185185185185185
4,feedback,268.333,273.333,10,3,3,121,0.0,0.2967121090617482,0.5083333333333333,0.3037037037037037,0.7260416666666667,0.8185185185185185
4,feedback,273.333,278.333,10,4,3,122,0.0,0.31286394917946003,0.5083333333333333,0.3037037037037037,0.7260416666666667,0.8185185185185185
4,feedback,278.333,283.333,10,5,3,123,0.0,0.31324986958789774,0.5083333333333333,0.3037037037037037,0.7260416666666667,0.8185185185185185
4,feedback,283.333,288.333,10,6,2,124,0.0,0.3645203679369251,0.27291666666666664,0.2962962962962963,0.4979166666666667,0.8203703703703704
4,feedback,288.333,293.333,10,7,3,125,0.0,0.3328173374613003,0.5083333333333333,0.3037037037037037,0.7260416666666667,0.8185185185185185
5,control,0.0,5.0,0,1,0,0,0.0,0.4640940454893943,0.041666666666666664,0.06851851851851852,0.3614583333333333,0.17222222222222222
5,control,5.0,10.0,0,2,0,1,0.0,0.502832131822863,0.041666666666666664,0.06851851851851852,0.3614583333333333,0.17222222222222222
5,control,10.0,15.0,0,3,6,2,0.0,0.38272237887721094,0.6677083333333333,0.3111111111111111,0.95,0.6333333333333333
5,control,15.0,20.0,0,4,6,3,0.0,0.2523314681588063,0.6677083333333333,0.3111111111111111,0.95,0.6333333333333333
5,control,20.0,25.0,0,5,4,4,0.0,0.2139289678135405,0.35520833333333335,0.3111111111111111,0.6375,0.6333333333333333
5,control,25.0,30.0,0,6,4,5,0.0,0.22831667116995408,0.35520833333333335,0.3111111111111111,0.6375,0.6333333333333333
5,control,30.0,35.0,0,7,4,6,0.0,0.307048339184445,0.35520833333333335,0.3111111111111111,0.6375,0.6333333333333333
5,control,35.0,40.0,0,8,4,7,0.0,0.22714526079641054,0.35520833333333335,0.3111111111111111,0.6375,0.6333333333333333
5,control,40.0,45.0,0,9,4,8,0.0,0.22841777526181714,0.35520833333333335,0.3111111111111111,0.6375,0.6333333333333333
5,control,45.0,50.0,0,10,5,9,0.0,0.19781483611270845,0.36875,0.6666666666666666,0.6291666666666667,0.837037037037037
5,control,50.0,55.0,0,11,4,10,0.0,0.22155517438536307,0.35520833333333335,0.3111111111111111,0.6375,0.6333333333333333
5,control,55.0,60.0,0,12,4,11,0.0,0.27186629526462397,0.35520833333333335,0.3111111111111111,0.6375,0.6333333333333333
5,control,60.0,65.0,0,13,4,12,0.0,0.2139275766016713,0.35520833333333335,0.3111111111111111,0.6375,0.6333333333333333
5,control,65.0,66.666,0,14,5,13,0.0,0.26140065146579805,0.36875,0.6666666666666666,0.6291666666666667,0.837037037037037
5,control,66.666,71.666,1,0,7,14,0.0,0.19092884302009777,0.5145833333333333,0.2722222222222222,0.684375,0.5740740740740741
5,control,71.666,76.666,1,1,9,15,0.0,0.26212789415656007,0.6958333333333333,0.6962962962962963,0.9572916666666667,0.8037037037037037
5,control,76.666,81.666,1,2,7,16,0.0,0.2527740189445196,0.5145833333333333,0.2722222222222222,0.684375,0.5740740740740741
5,control,81.666,86.666,1,3,7,17,0.0,0.2085987261146497,0.5145833333333333,0.2722222222222222,0.684375,0.5740740740740741
5,control,86.666,91.666,1,4,8,18,0.0,0.17414529914529914,0.6958333333333333,0.3277777777777778,0.9416666666666667,0.524074074074074
5,control,91.666,96.666,1,5,7,19,0.0,0.20085698982324585,0.5145833333333333,0.2722222222222222,0.684375,0.5740740740740741
5,control,96.666,101.666,1,6,7,20,0.0,0.17811566657616074,0.5145833333333333,0.2722222222222222,0.684375,0.5740740740740741
5,control,101.666,106.666,1,7,7,21,0.0,0.19664268585131894,0.5145833333333333,0.2722222222222222,0.684375,0.5740740740740741
5,control,106.666,111.666,1,8,7,22,0.0,0.20125272331154684,0.5145833333333333,0.2722222222222222,0.684375,0.5740740740740741
5,control,111.666,116.666,1,9,8,23,0.0,0.21504787961696306,0.6958333333333333,0.3277777777777778,0.9416666666666667,0.524074074074074
5,control,116.666,121.666,2,0,2,24,0.0,0.23553162853297444,0.43125,0.3074074074074074,0.725,0.36666666666666664
5,control,121.666,126.666,2,1,5,25,0.0,0.22956145100162426,0.5572916666666666,0.8796296296296297,0.8020833333333334,0.937037037037037
5,control,126.666,131.666,2,2,0,26,0.0,0.20990942994139583,0.03854166666666667,0.5,0.35208333333333336,0.6851851851851852
5,control,131.666,136.666,2,3,0,27,0.0,0.2349137931034483,0.03854166666666667,0.5,0.35208333333333336,0.6851851851851852
5,control,136.666,141.666,2,4,0,28,0.0,0.23665146230211967,0.03854166666666667,0.5,0.35208333333333336,0.6851851851851852
5,control,141.666,146.666,2,5,2,29,0.0,0.20878509869335557,0.43125,0.3074074074074074,0.725,0.36666666666666664
5,control,146.666,151.666,2,6,4,30,0.0,0.21319231839688282,0.55625,0.4777777777777778,0.8729166666666667,0.5685185185185185
5,control,151.666,156.666,2,7,1,31,0.0,0.1985974754558205,0.041666666666666664,0.06851851851851852,0.396875,0.24259259259259258
5,control,156.666,161.666,2,8,0,32,0.0,0.2015810276679842,0.03854166666666667,0.5,0.35208333333333336,0.6851851851851852
5,control,161.666,166.666,2,9,0,33,0.0,0.25754583921015517,0.03854166666666667,0.5,0.35208333333333336,0.6851851851851852
5,control,166.666,171.666,2,10,0,34,0.0,0.23015419760137065,0.03854166666666667,0.5,0.35208333333333336,0.6851851851851852
5,control,171.666,176.666,2,11,0,35,0.0,0.22880177926049486,0.03854166666666667,0.5,0.35208333333333336,0.6851851851851852
5,control,176.666,181.666,2,12,2,36,0.0,0.19775910364145657,0.43125,0.3074074074074074,0.725,0.36666666666666664
5,control,181.666,186.666,2,13,0,37,0.0,0.21664798206278027,0.03854166666666667,0.5,0.35208333333333336,0.6851851851851852
5,control,186.666,191.666,2,14,0,38,0.0,0.2175732217573222,0.03854166666666667,0.5,0.35208333333333336,0.6851851851851852
5,control,191.666,196.666,2,15,2,39,0.0,0.18384697130712008,0.43125,0.3074074074074074,0.725,0.36666666666666664
5,control,196.666,201.666,2,16,0,40,0.0,0.21079116578138105,0.03854166666666667,0.5,0.35208333333333336,0.6851851851851852
5,control,201.666,206.666,2,17,0,41,0.0,0.261898211829436,0.03854166666666667,0.5,0.35208333333333336,0.6851851851851852
5,control,206.666,211.666,2,18,0,42,0.0,0.3119363395225464,0.03854166666666667,0.5,0.35208333333333336,0.6851851851851852
5,control,211.666,213.333,2,19,0,43,0.0,0.3134568896051571,0.03854166666666667,0.5,0.35208333333333336,0.6851851851851852
5,control,213.333,218.333,3,0,3,44,0.0,0.20688734650293647,0.05,0.28888888888888886,0.42916666666666664,0.5685185185185185
5,control,218.333,223.333,3,1,4,45,0.0,0.24361493123772102,0.55625,0.7277777777777777,0.9510416666666667,0.9425925925925925
5,control,223.333,228.333,3,2,4,46,0.0,0.23058186738836264,0.55625,0.7277777777777777,0.9510416666666667,0.9425925925925925
5,control,228.333,233.333,3,3,4,47,0.0,0.2222222222222222,0.55625,0.7277777777777777,0.9510416666666667,0.9425925925925925
5,control,233.333,238.333,3,4,4,48,0.0,0.248371335504886,0.55625,0.7277777777777777,0.9510416666666667,0.9425925925925925
5,control,238.333,243.333,3,5,4,49,0.0,0.24843877273961446,0.55625,0.7277777777777777,0.9510416666666667,0.9425925925925925
5,control,243.333,248.333,3,6,5,50,0.0,0.21967838648133006,0.6645833333333333,0.3,0.94375,0.6666666666666666
5,control,248.333,253.333,3,7,4,51,0.0,0.21719955898566704,0.55625,0.7277777777777777,0.9510416666666667,0.9425925925925925
5,control,253.333,258.333,3,8,4,52,0.0,0.2757644394110985,0.55625,0.7277777777777777,0.9510416666666667,0.9425925925925925
5,control,258.333,263.333,3,9,4,53,0.0,0.20645505468124833,0.55625,0.7277777777777777,0.9510416666666667,0.9425925925925925
5,control,263.333,268.333,3,10,4,54,0.0,0.19822246162133045,0.55625,0.7277777777777777,0.9510416666666667,0.9425925925925925
5,control,268.333,273.333,3,11,4,55,0.0,0.2728505560075942,0.55625,0.7277777777777777,0.9510416666666667,0.9425925925925925
5,control,273.333,278.333,3,12,4,56,0.0,0.3084510797120768,0.55625,0.7277777777777777,0.9510416666666667,0.9425925925925925
5,control,278.333,283.333,3,13,5,57,0.0,0.24382967181990778,0.6645833333333333,0.3,0.94375,0.6666666666666666
5,control,283.333,288.333,3,14,4,58,0.0,0.3016177680285166,0.55625,0.7277777777777777,0.9510416666666667,0.9425925925925925
5,control,288.333,293.333,3,15,4,59,0.0,0.31531284302963775,0.55625,0.7277777777777777,0.9510416666666667,0.9425925925925925
5,control,293.333,298.333,3,16,4,60,0.0,0.27359283113973676,0.55625,0.7277777777777777,0.9510416666666667,0.9425925925925925
5,control,298.333,303.333,3,17,4,61,0.0,0.28811627244229127,0.55625,0.7277777777777777,0.9510416666666667,0.9425925925925925
5,control,303.333,308.333,3,18,4,62,0.0,0.31041369472182595,0.55625,0.7277777777777777,0.9510416666666667,0.9425925925925925
5,control,308.333,313.333,3,19,4,63,0.0,0.39575070821529745,0.55625,0.7277777777777777,0.9510416666666667,0.9425925925925925
5,control,313.333,318.333,3,20,4,64,0.0,0.3278829604130809,0.55625,0.7277777777777777,0.9510416666666667,0.9425925925925925
5,control,318.333,323.333,3,21,4,65,0.0,0.2806967447173044,0.55625,0.7277777777777777,0.9510416666666667,0.9425925925925925
5,control,323.333,328.333,3,22,4,66,0.0,0.2831959056013648,0.55625,0.7277777777777777,0.9510416666666667,0.9425925925925925
5,control,328.333,330.0,3,23,4,67,0.0,0.2977815699658703,0.55625,0.7277777777777777,0.9510416666666667,0.9425925925925925
5,feedback,0.0,5.0,0,1,0,68,0.0,0.41063666581436975,0.041666666666666664,0.06851851851851852,0.3614583333333333,0.17222222222222222
5,feedback,5.0,10.0,0,2,0,69,0.0,0.45810336176618166,0.041666666666666664,0.06851851851851852,0.3614583333333333,0.17222222222222222
5,feedback,10.0,15.0,0,3,6,70,0.0,0.346250629089079,0.6677083333333333,0.3111111111111111,0.95,0.6333333333333333
5,feedback,15.0,20.0,0,4,6,71,0.0,0.24839620220682576,0.6677083333333333,0.3111111111111111,0.95,0.6333333333333333
5,feedback,20.0,25.0,0,5,3,72,0.0,0.19662625197680547,0.04583333333333333,0.6666666666666666,0.3177083333333333,0.8296296296296296
5,feedback,25.0,30.0,0,6,4,73,0.0,0.28701716738197425,0.35520833333333335,0.3111111111111111,0.6375,0.6333333333333333
5,feedback,30.0,35.0,0,7,4,74,0.0,0.2323925085729359,0.35520833333333335,0.3111111111111111,0.6375,0.6333333333333333
5,feedback,35.0,40.0,0,8,4,75,0.0,0.2709305517430689,0.35520833333333335,0.3111111111111111,0.6375,0.6333333333333333
5,feedback,40.0,45.0,0,9,4,76,0.0,0.2776294714361986,0.35520833333333335,0.3111111111111111,0.6375,0.6333333333333333
5,feedback,45.0,50.0,0,10,4,77,0.0,0.278470931775949,0.35520833333333335,0.3111111111111111,0.6375,0.6333333333333333
5,feedback,50.0,55.0,0,11,5,78,0.0,0.20120041753653445,0.36875,0.6666666666666666,0.6291666666666667,0.837037037037037
5,feedback,55.0,60.0,0,12,5,79,0.0,0.27277556440903056,0.36875,0.6666666666666666,0.6291666666666667,0.837037037037037
5,feedback,60.0,65.0,0,13,5,80,0.0,0.23274731041721333,0.36875,0.6666666666666666,0.6291666666666667,0.837037037037037
5,feedback,65.0,66.666,0,14,4,81,0.0,0.2468847352024922,0.35520833333333335,0.3111111111111111,0.6375,0.6333333333333333
5,feedback,66.666,71.666,1,0,6,82,0.0,0.17999465097619685,0.5072916666666667,0.6814814814814815,0.6822916666666666,0.812962962962963
5,feedback,71.666,76.666,1,1,6,83,0.0,0.18784972022382093,0.5072916666666667,0.6814814814814815,0.6822916666666666,0.812962962962963
5,feedback,76.666,81.666,1,2,9,84,0.0,0.17750066330591668,0.6958333333333333,0.6962962962962963,0.9572916666666667,0.8037037037037037
5,feedback,81.666,86.666,1,3,9,85,0.0,0.21591526344378056,0.6958333333333333,0.6962962962962963,0.9572916666666667,0.8037037037037037
5,feedback,86.666,91.666,1,4,9,86,0.0,0.23068726691529035,0.6958333333333333,0.6962962962962963,0.9572916666666667,0.8037037037037037
5,feedback,91.666,96.666,1,5,9,87,0.0,0.17267147050974113,0.6958333333333333,0.6962962962962963,0.9572916666666667,0.8037037037037037
5,feedback,96.666,101.666,1,6,7,88,0.0,0.172806785051683,0.5145833333333333,0.2722222222222222,0.684375,0.5740740740740741
5,feedback,101.666,106.666,1,7,7,89,0.0,0.1860154790499066,0.5145833333333333,0.2722222222222222,0.684375,0.5740740740740741
5,feedback,106.666,111.666,1,8,7,90,0.0,0.16945043103448276,0.5145833333333333,0.2722222222222222,0.684375,0.5740740740740741
5,feedback,111.666,116.666,1,9,7,91,0.0,0.21599362380446332,0.5145833333333333,0.2722222222222222,0.684375,0.5740740740740741
5,feedback,116.666,121.666,2,0,4,92,0.0,0.25751529662144185,0.55625,0.4777777777777778,0.8729166666666667,0.5685185185185185
5,feedback,121.666,126.666,2,1,0,93,0.0,0.234296315928969,0.03854166666666667,0.5,0.35208333333333336,0.6851851851851852
5,feedback,126.666,131.666,2,2,0,94,0.0,0.24040021633315306,0.03854166666666667,0.5,0.35208333333333336,0.6851851851851852
5,feedback,131.666,136.666,2,3,0,95,0.0,0.2621902478017586,0.03854166666666667,0.5,0.35208333333333336,0.6851851851851852
5,feedback,136.666,141.666,2,4,0,96,0.0,0.3641464066257013,0.03854166666666667,0.5,0.35208333333333336,0.6851851851851852
5,feedback,141.666,146.666,2,5,0,97,0.0,0.316944224160719,0.03854166666666667,0.5,0.35208333333333336,0.6851851851851852
5,feedback,146.666,151.666,2,6,3,98,0.0,0.21371398078975454,0.43125,0.6759259259259259,0.7625,0.7685185185185185
5,feedback,151.666,156.666,2,7,5,99,0.0,0.19187600213789419,0.5572916666666666,0.8796296296296297,0.8020833333333334,0.937037037037037
5,feedback,156.666,161.666,2,8,0,100,0.0,0.18514616802739003,0.03854166666666667,0.5,0.35208333333333336,0.6851851851851852
5,feedback,161.666,166.666,2,9,0,101,0.0,0.21035598705501618,0.03854166666666667,0.5,0.35208333333333336,0.6851851851851852
5,feedback,166.666,171.666,2,10,1,102,0.0,0.19214208826695373,0.041666666666666664,0.06851851851851852,0.396875,0.24259259259259258
5,feedback,171.666,176.666,2,11,5,103,0.0,0.24616199047114876,0.5572916666666666,0.8796296296296297,0.8020833333333334,0.937037037037037
5,feedback,176.666,181.666,2,12,3,104,0.0,0.21422861710631494,0.43125,0.6759259259259259,0.7625,0.7685185185185185
5,feedback,181.666,186.666,2,13,5,105,0.0,0.2882687618531563,0.5572916666666666,0.8796296296296297,0.8020833333333334,0.937037037037037
5,feedback,186.666,191.666,2,14,5,106,0.0,0.2803713527851459,0.5572916666666666,0.8796296296296297,0.8020833333333334,0.937037037037037
5,feedback,191.666,196.666,2,15,3,107,0.0,0.2511415525114155,0.43125,0.6759259259259259,0.7625,0.7685185185185185
5,feedback,196.666,201.666,2,16,0,108,0.0,0.2671957671957672,0.03854166666666667,0.5,0.35208333333333336,0.6851851851851852
5,feedback,201.666,206.666,2,17,0,109,0.0,0.30106951871657756,0.03854166666666667,0.5,0.35208333333333336,0.6851851851851852
5,feedback,206.666,211.666,2,18,0,110,0.0,0.36087420042643925,0.03854166666666667,0.5,0.35208333333333336,0.6851851851851852
5,feedback,211.666,213.333,2,19,0,111,0.0,0.38485804416403785,0.03854166666666667,0.5,0.35208333333333336,0.6851851851851852
5,feedback,213.333,218.333,3,0,2,112,0.0,0.26652221018418204,0.04375,0.6314814814814815,0.40729166666666666,0.7444444444444445
5,feedback,218.333,223.333,3,1,4,113,0.0,0.29562345169281584,0.55625,0.7277777777777777,0.9510416666666667,0.9425925925925925
5,feedback,223.333,228.333,3,2,4,114,0.0,0.3307589880159787,0.55625,0.7277777777777777,0.9510416666666667,0.9425925925925925
5,feedback,228.333,233.333,3,3,4,115,0.0,0.33018613434043703,0.55625,0.7277777777777777,0.9510416666666667,0.9425925925925925
5,feedback,233.333,238.333,3,4,4,116,0.0,0.32514177693761814,0.55625,0.7277777777777777,0.9510416666666667,0.9425925925925925
5,feedback,238.333,243.333,3,5,4,117,0.0,0.3785021551724138,0.55625,0.7277777777777777,0.9510416666666667,0.9425925925925925
5,feedback,243.333,248.333,3,6,4,118,0.0,0.3564802544394381,0.55625,0.7277777777777777,0.9510416666666667,0.9425925925925925
5,feedback,248.333,253.333,3,7,4,119,0.0,0.34078061911170926,0.55625,0.7277777777777777,0.9510416666666667,0.9425925925925925
5,feedback,253.333,258.333,3,8,4,120,0.0,0.38927243759957514,0.55625,0.7277777777777777,0.9510416666666667,0.9425925925925925
5,feedback,258.333,263.333,3,9,4,121,0.0,0.3553518468589916,0.55625,0.7277777777777777,0.9510416666666667,0.9425925925925925
5,feedback,263.333,268.333,3,10,4,122,0.0,0.3875302338081161,0.55625,0.7277777777777777,0.9510416666666667,0.9425925925925925
5,feedback,268.333,273.333,3,11,4,123,0.0,0.38503107268305864,0.55625,0.7277777777777777,0.9510416666666667,0.9425925925925925
5,feedback,273.333,278.333,3,12,4,124,0.0,0.3727952966328167,0.55625,0.7277777777777777,0.9510416666666667,0.9425925925925925
5,feedback,278.333,283.333,3,13,4,125,0.0,0.4617044228694714,0.55625,0.7277777777777777,0.9510416666666667,0.9425925925925925
5,feedback,283.333,288.333,3,14,4,126,0.0,0.37909725953788287,0.55625,0.7277777777777777,0.9510416666666667,0.9425925925925925
5,feedback,288.333,293.333,3,15,4,127,0.0,0.3715510313420841,0.55625,0.7277777777777777,0.9510416666666667,0.9425925925925925
5,feedback,293.333,298.333,3,16,4,128,0.0,0.42925787506673785,0.55625,0.7277777777777777,0.9510416666666667,0.9425925925925925
5,feedback,298.333,303.333,3,17,4,129,0.0,0.45908607863974493,0.55625,0.7277777777777777,0.9510416666666667,0.9425925925925925
5,feedback,303.333,308.333,3,18,4,130,0.0,0.40826666666666667,0.55625,0.7277777777777777,0.9510416666666667,0.9425925925925925
5,feedback,308.333,313.333,3,19,4,131,0.0,0.41189016262330047,0.55625,0.7277777777777777,0.9510416666666667,0.9425925925925925
5,feedback,313.333,318.333,3,20,4,132,0.0,0.3968253968253968,0.55625,0.7277777777777777,0.9510416666666667,0.9425925925925925
5,feedback,318.333,323.333,3,21,4,133,0.0,0.38009528851244045,0.55625,0.7277777777777777,0.9510416666666667,0.9425925925925925
5,feedback,323.333,328.333,3,22,4,134,0.0,0.3357352548705631,0.55625,0.7277777777777777,0.9510416666666667,0.9425925925925925
5,feedback,328.333,330.0,3,23,4,135,0.0,0.38754045307443363,0.55625,0.7277777777777777,0.9510416666666667,0.9425925925925925
