timestamp,reason,lecture_id,group_id
1673582823117,face-lost,1,0
1673582823127,face-lost,1,0
1673582823142,face-lost,1,0
1673582823150,face-lost,1,0
1673582823165,face-lost,1,0
1673582823563,face-lost,1,0
1673582823630,face-lost,1,0
1673582823689,face-lost,1,0
1673582823710,face-lost,1,0
1673582823745,face-lost,1,0
1673582823781,face-lost,1,0
1673582823808,face-lost,1,0
1673582823843,face-lost,1,0
1673582823874,face-lost,1,0
1673582823895,face-lost,1,0
1673582823917,face-lost,1,0
1673582844497,video-playing,1,0
