timestamp,reason,lecture_id,group_id
1675052698813,face-lost,1,0
1675052699009,face-lost,1,0
1675052699217,face-lost,1,0
1675052699357,face-lost,1,0
1675052699497,face-lost,1,0
1675052731977,face-lost,1,0
1675052742177,face-lost,1,0
1675052742676,face-lost,1,0
1675052742864,face-lost,1,0
1675052743053,face-lost,1,0
1675052743496,face-lost,1,0
1675052745329,face-lost,1,0
1675052746227,face-lost,1,0
1675052746359,face-lost,1,0
1675052746476,face-lost,1,0
1675052746917,face-lost,1,0
1675052747077,face-lost,1,0
1675052747204,face-lost,1,0
1675052747306,face-lost,1,0
1675052749744,face-lost,1,0
1675052750195,face-lost,1,0
1675052832237,video-playing,1,0
1675052839483,red-bounding-box,1,0
1675052851404,red-bounding-box,1,0
1675052852338,red-bounding-box,1,0
1675052895417,red-bounding-box,1,0
1675052896641,red-bounding-box,1,0
1675052949390,red-bounding-box,1,0
1675052950264,red-bounding-box,1,0
1675052979289,red-bounding-box,1,0
1675052981744,red-bounding-box,1,0
1675053025315,red-bounding-box,1,0
1675053116349,red-bounding-box,1,0
1675053117294,red-bounding-box,1,0
