timestamp,reason,lecture_id,group_id
1675467048172,face-lost,1,0
1675467048253,face-lost,1,0
1675467048303,face-lost,1,0
1675467048350,face-lost,1,0
1675467060827,face-lost,1,0
1675467061284,face-lost,1,0
1675467061704,face-lost,1,0
1675467061794,face-lost,1,0
1675467061890,face-lost,1,0
1675467061962,face-lost,1,0
1675467062035,face-lost,1,0
1675467062102,face-lost,1,0
1675467062186,face-lost,1,0
1675467062254,face-lost,1,0
1675467062331,face-lost,1,0
1675467062401,face-lost,1,0
1675467062468,face-lost,1,0
1675467062556,face-lost,1,0
1675467062612,face-lost,1,0
1675467062669,face-lost,1,0
1675467062718,face-lost,1,0
1675467062768,face-lost,1,0
1675467062818,face-lost,1,0
1675467062881,face-lost,1,0
1675467062954,face-lost,1,0
1675467063018,face-lost,1,0
1675467063084,face-lost,1,0
1675467063164,face-lost,1,0
1675467063221,face-lost,1,0
1675467063278,face-lost,1,0
1675467063335,face-lost,1,0
1675467063384,face-lost,1,0
1675467063434,face-lost,1,0
1675467063506,face-lost,1,0
1675467063568,face-lost,1,0
1675467063629,face-lost,1,0
1675467063685,face-lost,1,0
1675467063752,face-lost,1,0
1675467063831,face-lost,1,0
1675467063888,face-lost,1,0
1675467063945,face-lost,1,0
1675467064002,face-lost,1,0
1675467064059,face-lost,1,0
1675467064114,face-lost,1,0
1675467064163,face-lost,1,0
1675467064219,face-lost,1,0
1675467064268,face-lost,1,0
1675467064324,face-lost,1,0
1675467064382,face-lost,1,0
1675467064434,face-lost,1,0
1675467064505,face-lost,1,0
1675467064568,face-lost,1,0
1675467064635,face-lost,1,0
1675467064701,face-lost,1,0
1675467064756,face-lost,1,0
1675467064822,face-lost,1,0
1675467064888,face-lost,1,0
1675467064944,face-lost,1,0
1675467064993,face-lost,1,0
1675467065051,face-lost,1,0
1675467065115,face-lost,1,0
1675467065187,face-lost,1,0
1675467065254,face-lost,1,0
1675467065320,face-lost,1,0
1675467065391,face-lost,1,0
1675467065461,face-lost,1,0
1675467065518,face-lost,1,0
1675467065585,face-lost,1,0
1675467065645,face-lost,1,0
1675467065709,face-lost,1,0
1675467065785,face-lost,1,0
1675467065863,face-lost,1,0
1675467065974,face-lost,1,0
1675467066042,face-lost,1,0
1675467066117,face-lost,1,0
1675467066192,face-lost,1,0
1675467066260,face-lost,1,0
1675467066337,face-lost,1,0
1675467092417,video-playing,1,0
1675467133425,red-bounding-box,1,0
1675467224426,red-bounding-box,1,0
1675467235446,red-bounding-box,1,0
1675467236464,red-bounding-box,1,0
1675467237447,red-bounding-box,1,0
1675467240425,red-bounding-box,1,0
1675467241424,red-bounding-box,1,0
1675467254446,red-bounding-box,1,0
1675467294468,red-bounding-box,1,0
1675467295488,red-bounding-box,1,0
1675467365448,red-bounding-box,1,0
