timestamp,reason,lecture_id,group_id
1675397816280,face-lost,1,0
1675397816297,face-lost,1,0
1675397816309,face-lost,1,0
1675397816321,face-lost,1,0
1675397817835,face-lost,1,0
1675397817923,face-lost,1,0
1675397817979,face-lost,1,0
1675397818009,face-lost,1,0
1675397821902,face-lost,1,0
1675397821921,face-lost,1,0
1675397821934,face-lost,1,0
1675397863745,video-playing,1,0
1675397922745,red-bounding-box,1,0
1675397997742,red-bounding-box,1,0
1675398066740,red-bounding-box,1,0
1675398184740,red-bounding-box,1,0
