timestamp,reason,lecture_id,group_id
1675480355879,face-lost,1,0
1675480355975,face-lost,1,0
1675480356071,face-lost,1,0
1675480367678,face-lost,1,0
1675480368173,face-lost,1,0
1675480368728,face-lost,1,0
1675480368867,face-lost,1,0
1675480368986,face-lost,1,0
1675480369127,face-lost,1,0
1675480369281,face-lost,1,0
1675480369416,face-lost,1,0
1675480369572,face-lost,1,0
1675480369673,face-lost,1,0
1675480369752,face-lost,1,0
1675480369852,face-lost,1,0
1675480369929,face-lost,1,0
1675480370002,face-lost,1,0
1675480370076,face-lost,1,0
1675480370145,face-lost,1,0
1675480370207,face-lost,1,0
1675480370275,face-lost,1,0
1675480370347,face-lost,1,0
1675480370426,face-lost,1,0
1675480370481,face-lost,1,0
1675480370536,face-lost,1,0
1675480370592,face-lost,1,0
1675480370655,face-lost,1,0
1675480370722,face-lost,1,0
1675480370789,face-lost,1,0
1675480370915,face-lost,1,0
1675480370990,face-lost,1,0
1675480371063,face-lost,1,0
1675480371127,face-lost,1,0
1675480371211,face-lost,1,0
1675480371271,face-lost,1,0
1675480371348,face-lost,1,0
1675480371401,face-lost,1,0
1675480371464,face-lost,1,0
1675480371513,face-lost,1,0
1675480371561,face-lost,1,0
1675480371632,face-lost,1,0
1675480417278,video-playing,1,0
1675480461290,red-bounding-box,1,0
1675480512283,red-bounding-box,1,0
1675480519283,red-bounding-box,1,0
1675480530310,red-bounding-box,1,0
1675480531294,red-bounding-box,1,0
1675480640232,video-playing,1,0
