timestamp,reason,lecture_id,group_id
1675458251696,face-lost,1,0
1675458252304,face-lost,1,0
1675458255238,face-lost,1,0
1675458293102,face-lost,1,0
1675458304506,face-lost,1,0
1675458307824,face-lost,1,0
1675458309254,face-lost,1,0
1675458310000,face-lost,1,0
1675458310378,face-lost,1,0
1675458310567,face-lost,1,0
1675458310853,face-lost,1,0
1675458311299,face-lost,1,0
1675458311493,face-lost,1,0
1675458311729,face-lost,1,0
1675458312336,face-lost,1,0
1675458312761,face-lost,1,0
1675458313454,face-lost,1,0
1675458313765,face-lost,1,0
1675458314072,face-lost,1,0
1675458381676,video-playing,1,0
1675458641079,video-playing,1,0
