timestamp,reason,lecture_id,group_id
1675285700312,face-lost,1,0
1675285700334,face-lost,1,0
1675285700356,face-lost,1,0
1675285706472,face-lost,1,0
1675285746403,video-playing,1,0
1675285754428,visibility-hidden,1,0
1675285755410,visibility-hidden,1,0
1675285756414,visibility-hidden,1,0
1675285757428,visibility-hidden,1,0
1675285758420,visibility-hidden,1,0
1675285759405,visibility-hidden,1,0
1675285760427,visibility-hidden,1,0
1675285763422,visibility-hidden,1,0
1675285764430,visibility-hidden,1,0
1675285765424,visibility-hidden,1,0
1675285766417,visibility-hidden,1,0
1675285767420,visibility-hidden,1,0
1675285768423,visibility-hidden,1,0
1675285769424,visibility-hidden,1,0
1675285770417,visibility-hidden,1,0
1675285788420,red-bounding-box,1,0
1675285805409,red-bounding-box,1,0
1675285855420,red-bounding-box,1,0
1675285868425,red-bounding-box,1,0
1675285899423,red-bounding-box,1,0
1675285940422,red-bounding-box,1,0
1675285940729,face-lost,1,0
1675285940785,face-lost,1,0
1675285940843,face-lost,1,0
1675285940856,face-lost,1,0
1675285940871,face-lost,1,0
1675285940886,face-lost,1,0
1675285998422,red-bounding-box,1,0
1675286040421,red-bounding-box,1,0
