timestamp,reason,lecture_id,group_id
1675428401872,face-lost,1,0
1675428401907,face-lost,1,0
1675428401929,face-lost,1,0
1675428401948,face-lost,1,0
1675428401965,face-lost,1,0
1675428401985,face-lost,1,0
1675428402017,face-lost,1,0
1675428402037,face-lost,1,0
1675428402061,face-lost,1,0
1675428402078,face-lost,1,0
1675428402097,face-lost,1,0
1675428411184,face-lost,1,0
1675428437537,video-playing,1,0
1675428446544,red-bounding-box,1,0
1675428545551,red-bounding-box,1,0
1675428564544,red-bounding-box,1,0
1675428586552,red-bounding-box,1,0
1675428639545,red-bounding-box,1,0
1675428654560,red-bounding-box,1,0
1675428656540,red-bounding-box,1,0
1675428660570,red-bounding-box,1,0
1675428662569,red-bounding-box,1,0
1675428663550,red-bounding-box,1,0
1675428665555,red-bounding-box,1,0
1675428681541,red-bounding-box,1,0
1675428703543,red-bounding-box,1,0
1675428704552,red-bounding-box,1,0
