timestamp,reason,lecture_id,group_id
1675158183196,face-lost,1,0
1675158183243,face-lost,1,0
1675158183270,face-lost,1,0
1675158183296,face-lost,1,0
1675158183323,face-lost,1,0
1675158183374,face-lost,1,0
1675158194073,face-lost,1,0
1675158194392,face-lost,1,0
1675158194784,face-lost,1,0
1675158194874,face-lost,1,0
1675158194926,face-lost,1,0
1675158194981,face-lost,1,0
1675158195060,face-lost,1,0
1675158195100,face-lost,1,0
1675158195186,face-lost,1,0
1675158195277,face-lost,1,0
1675158195354,face-lost,1,0
1675158195413,face-lost,1,0
1675158195460,face-lost,1,0
1675158195524,face-lost,1,0
1675158195588,face-lost,1,0
1675158195646,face-lost,1,0
1675158195689,face-lost,1,0
1675158195740,face-lost,1,0
1675158195784,face-lost,1,0
1675158195828,face-lost,1,0
1675158195898,face-lost,1,0
1675158195944,face-lost,1,0
1675158195991,face-lost,1,0
1675158196027,face-lost,1,0
1675158196069,face-lost,1,0
1675158196133,face-lost,1,0
1675158196197,face-lost,1,0
1675158196247,face-lost,1,0
1675158196309,face-lost,1,0
1675158196361,face-lost,1,0
1675158196402,face-lost,1,0
1675158196478,face-lost,1,0
1675158196518,face-lost,1,0
1675158196581,face-lost,1,0
1675158196617,face-lost,1,0
1675158196648,face-lost,1,0
1675158196683,face-lost,1,0
1675158196731,face-lost,1,0
1675158196766,face-lost,1,0
1675158196804,face-lost,1,0
1675158196862,face-lost,1,0
1675158196900,face-lost,1,0
1675158196946,face-lost,1,0
1675158196997,face-lost,1,0
1675158197048,face-lost,1,0
1675158197097,face-lost,1,0
1675158197151,face-lost,1,0
1675158197200,face-lost,1,0
1675158197247,face-lost,1,0
1675158197303,face-lost,1,0
1675158197350,face-lost,1,0
1675158197415,face-lost,1,0
1675158197464,face-lost,1,0
1675158197533,face-lost,1,0
1675158197590,face-lost,1,0
1675158197632,face-lost,1,0
1675158197674,face-lost,1,0
1675158197710,face-lost,1,0
1675158197765,face-lost,1,0
1675158197804,face-lost,1,0
1675158197844,face-lost,1,0
1675158197874,face-lost,1,0
1675158197914,face-lost,1,0
1675158197955,face-lost,1,0
1675158197992,face-lost,1,0
1675158198022,face-lost,1,0
1675158198105,face-lost,1,0
1675158198147,face-lost,1,0
1675158198205,face-lost,1,0
1675158198248,face-lost,1,0
1675158233379,video-playing,1,0
1675158253390,visibility-hidden,1,0
1675158290390,red-bounding-box,1,0
1675158291406,red-bounding-box,1,0
1675158296385,red-bounding-box,1,0
1675158323404,red-bounding-box,1,0
1675158324441,red-bounding-box,1,0
1675158353402,red-bounding-box,1,0
1675158354404,red-bounding-box,1,0
1675158360414,red-bounding-box,1,0
1675158361387,red-bounding-box,1,0
