timestamp,reason,lecture_id,group_id
1675386651894,face-lost,1,0
1675386651930,face-lost,1,0
1675386651960,face-lost,1,0
1675386651990,face-lost,1,0
1675386659303,face-lost,1,0
1675386722888,video-playing,1,0
1675386771900,visibility-hidden,1,0
1675386772900,visibility-hidden,1,0
1675386773903,visibility-hidden,1,0
1675386774898,visibility-hidden,1,0
1675386775893,visibility-hidden,1,0
1675386874893,visibility-hidden,1,0
1675386875903,visibility-hidden,1,0
1675386876899,visibility-hidden,1,0
1675386877895,visibility-hidden,1,0
1675386878893,visibility-hidden,1,0
1675386879906,visibility-hidden,1,0
1675386880894,visibility-hidden,1,0
1675386881899,visibility-hidden,1,0
1675386882898,visibility-hidden,1,0
1675386883896,visibility-hidden,1,0
1675386884903,visibility-hidden,1,0
