timestamp,reason,lecture_id,group_id
1675462664838,face-lost,1,0
1675462664885,face-lost,1,0
1675462664921,face-lost,1,0
1675462664947,face-lost,1,0
1675462675286,face-lost,1,0
1675462675572,face-lost,1,0
1675462677594,face-lost,1,0
1675462677624,face-lost,1,0
1675462677651,face-lost,1,0
1675462677678,face-lost,1,0
1675462677702,face-lost,1,0
1675462677724,face-lost,1,0
1675462677747,face-lost,1,0
1675462677774,face-lost,1,0
1675462677805,face-lost,1,0
1675462677825,face-lost,1,0
1675462677851,face-lost,1,0
1675462677877,face-lost,1,0
1675462678086,face-lost,1,0
1675462678109,face-lost,1,0
1675462678134,face-lost,1,0
1675462678156,face-lost,1,0
1675462678180,face-lost,1,0
1675462755604,video-playing,1,0
1675462763625,red-bounding-box,1,0
1675462764615,red-bounding-box,1,0
1675462766636,red-bounding-box,1,0
1675462810618,red-bounding-box,1,0
1675462811616,red-bounding-box,1,0
1675462818619,red-bounding-box,1,0
1675462936632,red-bounding-box,1,0
1675462974615,red-bounding-box,1,0
1675462975619,red-bounding-box,1,0
1675462976614,red-bounding-box,1,0
1675463461942,face-lost,1,0
1675463462035,face-lost,1,0
1675463462087,face-lost,1,0
1675463462136,face-lost,1,0
1675463462171,face-lost,1,0
1675463462200,face-lost,1,0
1675463462231,face-lost,1,0
1675463462255,face-lost,1,0
1675463462338,face-lost,1,0
1675463462380,face-lost,1,0
1675463532643,video-playing,1,0
1675463536699,red-bounding-box,1,0
1675463537686,red-bounding-box,1,0
1675463538668,red-bounding-box,1,0
1675463539706,red-bounding-box,1,0
1675463546660,visibility-hidden,1,0
1675463547656,visibility-hidden,1,0
1675463548660,visibility-hidden,1,0
1675463549647,visibility-hidden,1,0
1675463550651,visibility-hidden,1,0
1675463551654,visibility-hidden,1,0
1675463552651,visibility-hidden,1,0
1675463553649,visibility-hidden,1,0
1675463554654,visibility-hidden,1,0
1675463555654,visibility-hidden,1,0
1675463556655,visibility-hidden,1,0
1675463557660,visibility-hidden,1,0
1675463558667,visibility-hidden,1,0
1675463559658,visibility-hidden,1,0
1675463560657,visibility-hidden,1,0
1675463561661,visibility-hidden,1,0
1675463562659,visibility-hidden,1,0
1675463563653,visibility-hidden,1,0
1675463564652,visibility-hidden,1,0
1675463565653,visibility-hidden,1,0
1675463566657,visibility-hidden,1,0
1675463567657,visibility-hidden,1,0
1675463568647,visibility-hidden,1,0
1675463569659,visibility-hidden,1,0
1675463570662,visibility-hidden,1,0
1675463571649,visibility-hidden,1,0
1675463572655,visibility-hidden,1,0
1675463573650,visibility-hidden,1,0
1675463574650,visibility-hidden,1,0
1675463576668,red-bounding-box,1,0
1675463577690,red-bounding-box,1,0
1675463595646,visibility-hidden,1,0
1675463596656,visibility-hidden,1,0
1675463597648,visibility-hidden,1,0
1675463598649,visibility-hidden,1,0
1675463599649,visibility-hidden,1,0
1675463600645,visibility-hidden,1,0
1675463601655,visibility-hidden,1,0
1675463602656,visibility-hidden,1,0
1675463603664,visibility-hidden,1,0
1675463604661,visibility-hidden,1,0
1675463605662,visibility-hidden,1,0
1675463606660,visibility-hidden,1,0
1675463607662,visibility-hidden,1,0
1675463619654,visibility-hidden,1,0
1675463620649,visibility-hidden,1,0
1675463621652,visibility-hidden,1,0
1675463622650,visibility-hidden,1,0
1675463623650,visibility-hidden,1,0
1675463624648,visibility-hidden,1,0
1675463625650,visibility-hidden,1,0
1675463626648,visibility-hidden,1,0
1675463627663,visibility-hidden,1,0
1675463628651,visibility-hidden,1,0
1675463629655,visibility-hidden,1,0
1675463630655,visibility-hidden,1,0
1675463631658,visibility-hidden,1,0
1675463632659,visibility-hidden,1,0
1675463636661,visibility-hidden,1,0
1675463637648,visibility-hidden,1,0
1675463638660,visibility-hidden,1,0
1675463639658,visibility-hidden,1,0
1675463640659,visibility-hidden,1,0
1675463641645,visibility-hidden,1,0
1675463642648,visibility-hidden,1,0
1675463643661,visibility-hidden,1,0
1675463644660,visibility-hidden,1,0
1675463645658,visibility-hidden,1,0
1675463646657,visibility-hidden,1,0
1675463647653,visibility-hidden,1,0
1675463648650,visibility-hidden,1,0
1675463649647,visibility-hidden,1,0
1675463707647,red-bounding-box,1,0
1675463708647,red-bounding-box,1,0
1675463709664,red-bounding-box,1,0
1675463710650,red-bounding-box,1,0
1675463711664,red-bounding-box,1,0
1675463712662,red-bounding-box,1,0
1675463713648,red-bounding-box,1,0
1675463783661,visibility-hidden,1,0
1675463784648,visibility-hidden,1,0
1675463785647,visibility-hidden,1,0
1675463788662,visibility-hidden,1,0
1675463789672,visibility-hidden,1,0
1675463790666,visibility-hidden,1,0
1675463791658,visibility-hidden,1,0
1675463792661,visibility-hidden,1,0
1675463793659,visibility-hidden,1,0
1675463794657,visibility-hidden,1,0
1675463795655,visibility-hidden,1,0
1675463796656,visibility-hidden,1,0
1675463797662,visibility-hidden,1,0
1675463798660,visibility-hidden,1,0
1675463799647,visibility-hidden,1,0
1675463800647,visibility-hidden,1,0
1675463801658,visibility-hidden,1,0
1675463802654,visibility-hidden,1,0
1675463803649,visibility-hidden,1,0
1675463804651,visibility-hidden,1,0
1675463805661,visibility-hidden,1,0
1675463806659,visibility-hidden,1,0
1675463807648,visibility-hidden,1,0
1675463808661,visibility-hidden,1,0
1675463809652,visibility-hidden,1,0
1675463810662,visibility-hidden,1,0
1675463811646,visibility-hidden,1,0
1675463812648,visibility-hidden,1,0
1675463813647,visibility-hidden,1,0
1675463814648,visibility-hidden,1,0
1675463815649,visibility-hidden,1,0
1675463816646,visibility-hidden,1,0
1675463817660,visibility-hidden,1,0
1675463818661,visibility-hidden,1,0
1675463819657,visibility-hidden,1,0
1675463820658,visibility-hidden,1,0
1675463821660,visibility-hidden,1,0
1675463822651,visibility-hidden,1,0
1675463823651,visibility-hidden,1,0
1675463824649,visibility-hidden,1,0
1675463825661,visibility-hidden,1,0
1675463826658,visibility-hidden,1,0
1675463827657,visibility-hidden,1,0
