timestamp,reason,lecture_id,group_id
1673582753476,face-lost,1,0
1673582753519,face-lost,1,0
1673582753547,face-lost,1,0
1673582757589,face-lost,1,0
1673582757705,face-lost,1,0
1673582757851,face-lost,1,0
1673582757929,face-lost,1,0
1673582757972,face-lost,1,0
1673582758009,face-lost,1,0
1673582758054,face-lost,1,0
1673582758112,face-lost,1,0
1673582758171,face-lost,1,0
1673582758230,face-lost,1,0
1673582758263,face-lost,1,0
1673582758305,face-lost,1,0
1673582758358,face-lost,1,0
1673582758399,face-lost,1,0
1673582758431,face-lost,1,0
1673582758466,face-lost,1,0
1673582758505,face-lost,1,0
1673582758544,face-lost,1,0
1673582758589,face-lost,1,0
1673582758628,face-lost,1,0
1673582758664,face-lost,1,0
1673582758709,face-lost,1,0
1673582758753,face-lost,1,0
1673582758805,face-lost,1,0
1673582758844,face-lost,1,0
1673582758889,face-lost,1,0
1673582758952,face-lost,1,0
1673582758991,face-lost,1,0
1673582759039,face-lost,1,0
1673582759138,face-lost,1,0
1673582759183,face-lost,1,0
1673582759235,face-lost,1,0
1673582759281,face-lost,1,0
1673582759357,face-lost,1,0
1673582759409,face-lost,1,0
1673582759469,face-lost,1,0
1673582759559,face-lost,1,0
1673582759609,face-lost,1,0
1673582759660,face-lost,1,0
1673582759695,face-lost,1,0
1673582759735,face-lost,1,0
1673582759768,face-lost,1,0
1673582759824,face-lost,1,0
1673582759863,face-lost,1,0
1673582759897,face-lost,1,0
1673582759942,face-lost,1,0
1673582759993,face-lost,1,0
1673582760028,face-lost,1,0
1673582760066,face-lost,1,0
1673582760099,face-lost,1,0
1673582760152,face-lost,1,0
1673582760190,face-lost,1,0
1673582760244,face-lost,1,0
1673582760284,face-lost,1,0
1673582760324,face-lost,1,0
1673582760363,face-lost,1,0
1673582760398,face-lost,1,0
1673582760430,face-lost,1,0
1673582760498,face-lost,1,0
1673582760581,face-lost,1,0
1673582760627,face-lost,1,0
1673582760678,face-lost,1,0
1673582760858,face-lost,1,0
1673582761048,face-lost,1,0
1673582761122,face-lost,1,0
1673582761156,face-lost,1,0
1673582761209,face-lost,1,0
1673582761261,face-lost,1,0
1673582761325,face-lost,1,0
1673582761380,face-lost,1,0
1673582761416,face-lost,1,0
1673582761460,face-lost,1,0
1673582761499,face-lost,1,0
1673582761544,face-lost,1,0
1673582761581,face-lost,1,0
1673582761627,face-lost,1,0
1673582761665,face-lost,1,0
1673582761730,face-lost,1,0
1673582761769,face-lost,1,0
1673582761804,face-lost,1,0
1673582761840,face-lost,1,0
1673582761895,face-lost,1,0
1673582761967,face-lost,1,0
1673582762023,face-lost,1,0
1673582762080,face-lost,1,0
1673582762165,face-lost,1,0
1673582787042,video-playing,1,0
1673582823047,visibility-hidden,1,0
1673582824044,visibility-hidden,1,0
1673582825044,visibility-hidden,1,0
1673582826045,visibility-hidden,1,0
1673582827044,visibility-hidden,1,0
1673582957048,red-bounding-box,1,0
1673582958075,red-bounding-box,1,0
1673582959050,red-bounding-box,1,0
1673582960048,red-bounding-box,1,0
1673582961094,red-bounding-box,1,0
1673582962165,red-bounding-box,1,0
1673582963047,red-bounding-box,1,0
1673582964056,red-bounding-box,1,0
1673582965045,red-bounding-box,1,0
1673582966046,red-bounding-box,1,0
1673582967096,red-bounding-box,1,0
1673582968156,red-bounding-box,1,0
1673582969050,red-bounding-box,1,0
1673582970064,red-bounding-box,1,0
1673582971051,red-bounding-box,1,0
1673582972075,red-bounding-box,1,0
1673582973045,red-bounding-box,1,0
1673582974057,red-bounding-box,1,0
1673582975045,red-bounding-box,1,0
1673582976059,red-bounding-box,1,0
1673582977047,red-bounding-box,1,0
1673582978051,red-bounding-box,1,0
1673582979091,red-bounding-box,1,0
1673582980056,red-bounding-box,1,0
1673582981044,red-bounding-box,1,0
1673582982070,red-bounding-box,1,0
1673582983048,red-bounding-box,1,0
1673582984274,red-bounding-box,1,0
1673582985071,red-bounding-box,1,0
1673582986045,red-bounding-box,1,0
1673582987045,red-bounding-box,1,0
1673582988045,red-bounding-box,1,0
1673582989047,red-bounding-box,1,0
1673582990064,red-bounding-box,1,0
1673582991163,red-bounding-box,1,0
1673582992059,red-bounding-box,1,0
1673582993047,red-bounding-box,1,0
1673582994047,red-bounding-box,1,0
1673582995044,red-bounding-box,1,0
1673582996062,red-bounding-box,1,0
1673582997058,red-bounding-box,1,0
1673582998044,red-bounding-box,1,0
1673582999055,red-bounding-box,1,0
1673583000045,red-bounding-box,1,0
1673583001045,red-bounding-box,1,0
1673583002054,red-bounding-box,1,0
1673583003091,red-bounding-box,1,0
1673583004056,red-bounding-box,1,0
1673583005056,red-bounding-box,1,0
1673583006141,red-bounding-box,1,0
1673583007058,red-bounding-box,1,0
1673583008084,red-bounding-box,1,0
1673583009045,red-bounding-box,1,0
