timestamp,reason,lecture_id,group_id
1673389124639,face-lost,1,0
1673389124659,face-lost,1,0
1673389124684,face-lost,1,0
1673389124717,face-lost,1,0
1673389124735,face-lost,1,0
1673389124749,face-lost,1,0
1673389130649,face-lost,1,0
1673389130909,face-lost,1,0
1673389131239,face-lost,1,0
1673389131330,face-lost,1,0
1673389131374,face-lost,1,0
1673389131435,face-lost,1,0
1673389131507,face-lost,1,0
1673389131553,face-lost,1,0
1673389131595,face-lost,1,0
1673389131701,face-lost,1,0
1673389131764,face-lost,1,0
1673389131855,face-lost,1,0
1673389131966,face-lost,1,0
1673389132056,face-lost,1,0
1673389132149,face-lost,1,0
1673389132263,face-lost,1,0
1673389132344,face-lost,1,0
1673389132393,face-lost,1,0
1673389132436,face-lost,1,0
1673389132522,face-lost,1,0
1673389132597,face-lost,1,0
1673389132692,face-lost,1,0
1673389132769,face-lost,1,0
1673389132839,face-lost,1,0
1673389183489,video-playing,1,0
