timestamp,reason,lecture_id,group_id
1675167204109,face-lost,1,0
1675167204146,face-lost,1,0
1675167204190,face-lost,1,0
1675167204216,face-lost,1,0
1675167204252,face-lost,1,0
1675167204288,face-lost,1,0
1675167204328,face-lost,1,0
1675167211817,face-lost,1,0
1675167269659,video-playing,1,0
1675167329817,visibility-hidden,1,0
1675167333296,visibility-hidden,1,0
1675167334494,visibility-hidden,1,0
1675167408393,visibility-hidden,1,0
1675167409496,visibility-hidden,1,0
1675167411496,visibility-hidden,1,0
1675167413497,visibility-hidden,1,0
1675167415497,visibility-hidden,1,0
1675167539037,visibility-hidden,1,0
1675167540468,visibility-hidden,1,0
1675167542468,visibility-hidden,1,0
1675167548494,visibility-hidden,1,0
1675167550467,visibility-hidden,1,0
1675167552468,visibility-hidden,1,0
1675167554467,visibility-hidden,1,0
1675167556466,visibility-hidden,1,0
1675167558467,visibility-hidden,1,0
1675167560467,visibility-hidden,1,0
1675167581989,visibility-hidden,1,0
1675167585129,visibility-hidden,1,0
1675167586466,visibility-hidden,1,0
1675167588466,visibility-hidden,1,0
1675167590466,visibility-hidden,1,0
1675167592475,visibility-hidden,1,0
1675167594468,visibility-hidden,1,0
1675167596467,visibility-hidden,1,0
1675167598467,visibility-hidden,1,0
