timestamp,reason,lecture_id,group_id
1675149359441,face-lost,1,0
1675149359623,face-lost,1,0
1675149359674,face-lost,1,0
1675149359713,face-lost,1,0
1675149359747,face-lost,1,0
1675149359809,face-lost,1,0
1675149368250,face-lost,1,0
1675149368440,face-lost,1,0
1675149368675,face-lost,1,0
1675149369098,face-lost,1,0
1675149369188,face-lost,1,0
1675149369251,face-lost,1,0
1675149369350,face-lost,1,0
1675149369413,face-lost,1,0
1675149369532,face-lost,1,0
1675149369709,face-lost,1,0
1675149369777,face-lost,1,0
1675149369843,face-lost,1,0
1675149369932,face-lost,1,0
1675149369991,face-lost,1,0
1675149370050,face-lost,1,0
1675149370136,face-lost,1,0
1675149370216,face-lost,1,0
1675149370280,face-lost,1,0
1675149370346,face-lost,1,0
1675149370435,face-lost,1,0
1675149370485,face-lost,1,0
1675149370531,face-lost,1,0
1675149370579,face-lost,1,0
1675149370622,face-lost,1,0
1675149370683,face-lost,1,0
1675149370772,face-lost,1,0
1675149370846,face-lost,1,0
1675149370913,face-lost,1,0
1675149370980,face-lost,1,0
1675149371033,face-lost,1,0
1675149371088,face-lost,1,0
1675149371146,face-lost,1,0
1675149371192,face-lost,1,0
1675149371238,face-lost,1,0
1675149371288,face-lost,1,0
1675149371350,face-lost,1,0
1675149371450,face-lost,1,0
1675149371509,face-lost,1,0
1675149371557,face-lost,1,0
1675149371612,face-lost,1,0
1675149371665,face-lost,1,0
1675149371727,face-lost,1,0
1675149371794,face-lost,1,0
1675149371875,face-lost,1,0
1675149371935,face-lost,1,0
1675149371984,face-lost,1,0
1675149372035,face-lost,1,0
1675149372082,face-lost,1,0
1675149372131,face-lost,1,0
1675149372178,face-lost,1,0
1675149372238,face-lost,1,0
1675149372303,face-lost,1,0
1675149372363,face-lost,1,0
1675149372427,face-lost,1,0
1675149372493,face-lost,1,0
1675149372541,face-lost,1,0
1675149372583,face-lost,1,0
1675149372644,face-lost,1,0
1675149372694,face-lost,1,0
1675149372755,face-lost,1,0
1675149372801,face-lost,1,0
1675149372852,face-lost,1,0
1675149372896,face-lost,1,0
1675149405131,video-playing,1,0
1675149459409,face-lost,1,0
1675149459444,face-lost,1,0
1675149459480,face-lost,1,0
1675149459661,face-lost,1,0
1675149459696,face-lost,1,0
1675149459730,face-lost,1,0
1675149459770,face-lost,1,0
1675149460042,face-lost,1,0
1675149460075,face-lost,1,0
1675149460203,face-lost,1,0
1675149460251,face-lost,1,0
1675149460295,face-lost,1,0
1675149467179,visibility-hidden,1,0
1675149468144,visibility-hidden,1,0
1675149469144,visibility-hidden,1,0
1675149470144,visibility-hidden,1,0
1675149471144,visibility-hidden,1,0
1675149587304,face-lost,1,0
1675149587338,face-lost,1,0
1675149587372,face-lost,1,0
1675149590059,face-lost,1,0
1675149590091,face-lost,1,0
1675149590121,face-lost,1,0
1675149590152,face-lost,1,0
1675149590182,face-lost,1,0
1675149590223,face-lost,1,0
1675149590337,face-lost,1,0
1675149590370,face-lost,1,0
1675149590403,face-lost,1,0
1675149590435,face-lost,1,0
1675149590477,face-lost,1,0
1675149590507,face-lost,1,0
1675149590567,face-lost,1,0
1675149590599,face-lost,1,0
1675149590637,face-lost,1,0
1675149590670,face-lost,1,0
1675149590708,face-lost,1,0
1675149590740,face-lost,1,0
1675149590773,face-lost,1,0
1675149590802,face-lost,1,0
1675149590835,face-lost,1,0
1675149590869,face-lost,1,0
1675149590902,face-lost,1,0
1675149590933,face-lost,1,0
1675149590973,face-lost,1,0
1675149591007,face-lost,1,0
1675149591036,face-lost,1,0
1675149591070,face-lost,1,0
1675149591102,face-lost,1,0
1675149591132,face-lost,1,0
1675149591173,face-lost,1,0
1675149591205,face-lost,1,0
1675149591237,face-lost,1,0
1675149591271,face-lost,1,0
1675149591306,face-lost,1,0
1675149591337,face-lost,1,0
1675149591370,face-lost,1,0
1675149591402,face-lost,1,0
1675149591432,face-lost,1,0
1675149591467,face-lost,1,0
1675149591502,face-lost,1,0
1675149591531,face-lost,1,0
1675149591569,face-lost,1,0
1675149591602,face-lost,1,0
1675149591632,face-lost,1,0
1675149591667,face-lost,1,0
1675149617296,visibility-hidden,1,0
1675149618145,visibility-hidden,1,0
1675149619144,visibility-hidden,1,0
1675149620144,visibility-hidden,1,0
1675149621144,visibility-hidden,1,0
1675149622144,visibility-hidden,1,0
1675149627198,visibility-hidden,1,0
1675149628144,visibility-hidden,1,0
1675149629144,visibility-hidden,1,0
1675149630144,visibility-hidden,1,0
1675149631144,visibility-hidden,1,0
1675149632144,visibility-hidden,1,0
1675149633144,visibility-hidden,1,0
1675149634144,visibility-hidden,1,0
1675149635144,visibility-hidden,1,0
1675149636144,visibility-hidden,1,0
1675149699339,face-lost,1,0
