timestamp,reason,lecture_id,group_id
1675282848334,face-lost,1,0
1675282848371,face-lost,1,0
1675282848405,face-lost,1,0
1675282850779,face-lost,1,0
1675282850998,face-lost,1,0
1675282851212,face-lost,1,0
1675282851312,face-lost,1,0
1675282851375,face-lost,1,0
1675282851428,face-lost,1,0
1675282851469,face-lost,1,0
1675282851517,face-lost,1,0
1675282851569,face-lost,1,0
1675282851627,face-lost,1,0
1675282851664,face-lost,1,0
1675282851720,face-lost,1,0
1675282851773,face-lost,1,0
1675282851817,face-lost,1,0
1675282851927,face-lost,1,0
1675282851963,face-lost,1,0
1675282852000,face-lost,1,0
1675282852035,face-lost,1,0
1675282852085,face-lost,1,0
1675282852128,face-lost,1,0
1675282852167,face-lost,1,0
1675282852198,face-lost,1,0
1675282852236,face-lost,1,0
1675282852270,face-lost,1,0
1675282852308,face-lost,1,0
1675282852345,face-lost,1,0
1675282852378,face-lost,1,0
1675282852423,face-lost,1,0
1675282852453,face-lost,1,0
1675282852514,face-lost,1,0
1675282852565,face-lost,1,0
1675282852606,face-lost,1,0
1675282852650,face-lost,1,0
1675282852711,face-lost,1,0
1675282852775,face-lost,1,0
1675282852815,face-lost,1,0
1675282852889,face-lost,1,0
1675282852944,face-lost,1,0
1675282852991,face-lost,1,0
1675282853052,face-lost,1,0
1675282853106,face-lost,1,0
1675282853150,face-lost,1,0
1675282853191,face-lost,1,0
1675282874724,video-playing,1,0
1675283173739,red-bounding-box,1,0
1675283174744,red-bounding-box,1,0
1675283175759,red-bounding-box,1,0
1675283176733,red-bounding-box,1,0
1675283177762,red-bounding-box,1,0
1675283178746,red-bounding-box,1,0
1675283179731,red-bounding-box,1,0
1675283180736,red-bounding-box,1,0
1675283181731,red-bounding-box,1,0
1675283182735,red-bounding-box,1,0
1675283183734,red-bounding-box,1,0
1675283184730,red-bounding-box,1,0
1675283185735,red-bounding-box,1,0
1675283186736,red-bounding-box,1,0
1675283187737,red-bounding-box,1,0
1675283188733,red-bounding-box,1,0
