timestamp,reason,lecture_id,group_id
1675387365498,face-lost,1,0
1675387365514,face-lost,1,0
1675387365531,face-lost,1,0
1675387365550,face-lost,1,0
1675387367286,face-lost,1,0
1675387367383,face-lost,1,0
1675387367451,face-lost,1,0
1675387367475,face-lost,1,0
1675387367505,face-lost,1,0
1675387367531,face-lost,1,0
1675387367558,face-lost,1,0
1675387367582,face-lost,1,0
1675387367607,face-lost,1,0
1675387367631,face-lost,1,0
1675387367657,face-lost,1,0
1675387367682,face-lost,1,0
1675387367707,face-lost,1,0
1675387367731,face-lost,1,0
1675387367754,face-lost,1,0
1675387367775,face-lost,1,0
1675387367799,face-lost,1,0
1675387367822,face-lost,1,0
1675387367848,face-lost,1,0
1675387367874,face-lost,1,0
1675387367899,face-lost,1,0
1675387402855,video-playing,1,0
