timestamp,reason,lecture_id,group_id
1675050203063,face-lost,1,0
1675050203397,face-lost,1,0
1675050203837,face-lost,1,0
1675050204592,face-lost,1,0
1675050255489,video-playing,1,0
1675050290790,red-bounding-box,1,0
1675050294491,red-bounding-box,1,0
1675050295497,red-bounding-box,1,0
1675050296830,red-bounding-box,1,0
1675050297502,red-bounding-box,1,0
1675050298501,red-bounding-box,1,0
1675050299832,red-bounding-box,1,0
1675050300519,red-bounding-box,1,0
1675050301519,red-bounding-box,1,0
1675050549498,visibility-hidden,1,0
1675050550491,visibility-hidden,1,0
1675050551493,visibility-hidden,1,0
1675050552493,visibility-hidden,1,0
1675050553492,visibility-hidden,1,0
1675050554492,visibility-hidden,1,0
1675050555494,visibility-hidden,1,0
1675050556492,visibility-hidden,1,0
1675050557492,visibility-hidden,1,0
1675050558493,visibility-hidden,1,0
1675050559492,visibility-hidden,1,0
1675050560493,visibility-hidden,1,0
1675050561492,visibility-hidden,1,0
1675050562493,visibility-hidden,1,0
1675050563492,visibility-hidden,1,0
1675050564492,visibility-hidden,1,0
1675050565493,visibility-hidden,1,0
1675050566501,visibility-hidden,1,0
1675050567493,visibility-hidden,1,0
