timestamp,reason,lecture_id,group_id
1675148563744,face-lost,1,0
1675148563802,face-lost,1,0
1675148563873,face-lost,1,0
1675148567404,face-lost,1,0
1675148567560,face-lost,1,0
1675148567733,face-lost,1,0
1675148567954,face-lost,1,0
1675148568032,face-lost,1,0
1675148568121,face-lost,1,0
1675148568193,face-lost,1,0
1675148568267,face-lost,1,0
1675148568338,face-lost,1,0
1675148568395,face-lost,1,0
1675148568452,face-lost,1,0
1675148568527,face-lost,1,0
1675148568581,face-lost,1,0
1675148568640,face-lost,1,0
1675148568704,face-lost,1,0
1675148568792,face-lost,1,0
1675148568854,face-lost,1,0
1675148568922,face-lost,1,0
1675148568978,face-lost,1,0
1675148569030,face-lost,1,0
1675148569085,face-lost,1,0
1675148569137,face-lost,1,0
1675148569195,face-lost,1,0
1675148569254,face-lost,1,0
1675148569329,face-lost,1,0
1675148569378,face-lost,1,0
1675148569430,face-lost,1,0
1675148569487,face-lost,1,0
1675148569543,face-lost,1,0
1675148569599,face-lost,1,0
1675148569682,face-lost,1,0
1675148569747,face-lost,1,0
1675148569794,face-lost,1,0
1675148569842,face-lost,1,0
1675148569898,face-lost,1,0
1675148569976,face-lost,1,0
1675148570039,face-lost,1,0
1675148570100,face-lost,1,0
1675148570175,face-lost,1,0
1675148570242,face-lost,1,0
1675148570291,face-lost,1,0
1675148570359,face-lost,1,0
1675148570417,face-lost,1,0
1675148570478,face-lost,1,0
1675148570528,face-lost,1,0
1675148570580,face-lost,1,0
1675148570638,face-lost,1,0
1675148570701,face-lost,1,0
1675148570770,face-lost,1,0
1675148570826,face-lost,1,0
1675148570876,face-lost,1,0
1675148570935,face-lost,1,0
1675148570998,face-lost,1,0
1675148571046,face-lost,1,0
1675148571107,face-lost,1,0
1675148571159,face-lost,1,0
1675148571226,face-lost,1,0
1675148571277,face-lost,1,0
1675148571335,face-lost,1,0
1675148571383,face-lost,1,0
1675148571432,face-lost,1,0
1675148571495,face-lost,1,0
1675148571560,face-lost,1,0
1675148607314,face-lost,1,0
1675148705349,video-playing,1,0
1675148798366,red-bounding-box,1,0
1675148805376,red-bounding-box,1,0
1675148806367,red-bounding-box,1,0
1675148922360,red-bounding-box,1,0
1675148924371,red-bounding-box,1,0
1675148925356,red-bounding-box,1,0
1675148959352,red-bounding-box,1,0
1675148960355,red-bounding-box,1,0
1675149022356,red-bounding-box,1,0
1675149023353,red-bounding-box,1,0
