timestamp,reason,lecture_id,group_id
1675150119251,face-lost,1,0
1675150119303,face-lost,1,0
1675150119345,face-lost,1,0
1675150119387,face-lost,1,0
1675150121562,face-lost,1,0
1675150121690,face-lost,1,0
1675150121834,face-lost,1,0
1675150121894,face-lost,1,0
1675150121970,face-lost,1,0
1675150122036,face-lost,1,0
1675150122094,face-lost,1,0
1675150122160,face-lost,1,0
1675150122221,face-lost,1,0
1675150122294,face-lost,1,0
1675150122351,face-lost,1,0
1675150122405,face-lost,1,0
1675150122449,face-lost,1,0
1675150122494,face-lost,1,0
1675150122546,face-lost,1,0
1675150122607,face-lost,1,0
1675150122648,face-lost,1,0
1675150122700,face-lost,1,0
1675150122757,face-lost,1,0
1675150122824,face-lost,1,0
1675150122886,face-lost,1,0
1675150122945,face-lost,1,0
1675150122998,face-lost,1,0
1675150123043,face-lost,1,0
1675150123087,face-lost,1,0
1675150123148,face-lost,1,0
1675150123196,face-lost,1,0
1675150123250,face-lost,1,0
1675150123299,face-lost,1,0
1675150123351,face-lost,1,0
1675150123410,face-lost,1,0
1675150123457,face-lost,1,0
1675150123513,face-lost,1,0
1675150123572,face-lost,1,0
1675150123638,face-lost,1,0
1675150123693,face-lost,1,0
1675150123755,face-lost,1,0
1675150172168,face-lost,1,0
1675150172200,face-lost,1,0
1675150224332,video-playing,1,0
1675150228335,red-bounding-box,1,0
1675150229336,red-bounding-box,1,0
1675150286348,red-bounding-box,1,0
1675150287339,red-bounding-box,1,0
1675150386329,red-bounding-box,1,0
1675150387333,red-bounding-box,1,0
1675150540358,red-bounding-box,1,0
1675150541344,red-bounding-box,1,0
