timestamp,reason,lecture_id,group_id
1675055638992,face-lost,1,0
1675055639352,face-lost,1,0
1675055639751,face-lost,1,0
1675055641071,face-lost,1,0
1675055641683,face-lost,1,0
1675055642158,face-lost,1,0
1675055642738,face-lost,1,0
1675055643888,face-lost,1,0
1675055644332,face-lost,1,0
1675055644909,face-lost,1,0
1675055645347,face-lost,1,0
1675055645815,face-lost,1,0
1675055646327,face-lost,1,0
1675055646828,face-lost,1,0
1675055647362,face-lost,1,0
1675055647875,face-lost,1,0
1675055648326,face-lost,1,0
1675055648783,face-lost,1,0
1675055649511,face-lost,1,0
1675055650080,face-lost,1,0
1675055650534,face-lost,1,0
1675055651044,face-lost,1,0
1675055651537,face-lost,1,0
1675055652122,face-lost,1,0
1675055652655,face-lost,1,0
1675055653119,face-lost,1,0
1675055653564,face-lost,1,0
1675055654198,face-lost,1,0
1675055654757,face-lost,1,0
1675055655266,face-lost,1,0
1675055689248,video-playing,1,0
1675055979615,red-bounding-box,1,0
1675055980723,red-bounding-box,1,0
